genome	gene	protein
GCA_902588585.1	PR	CACIPQ010000007.1_15
GCA_902540505.1	PR	CACBMW010000003.1_89
GCA_902576735.1	PR	CACGWE010000008.1_16
GCA_003280495.1	PR	QCET01000003.1_89
GCA_902517865.1	PR	CABYDT010000001.1_2
GCA_905618805.1	PR	CAJQSZ010000011.1_1
GCA_902608305.1	PR	CACLNK010000001.1_72
GCA_902597425.1	PR	CACJXT010000006.1_7
GCA_902515985.1	PR	CABXWY010000002.1_123
GCA_014654115.1	PR	JACWDO010000006.1_23
GCA_902610655.1	PR	CACLWL010000001.1_75
GCA_902574525.1	PR	CACGNQ010000005.1_4
GCA_905612505.1	PR	CAJQSH010000021.1_6
GCA_905616465.1	PR	CAJQSX010000005.1_1
GCA_902592715.1	PR	CACJFS010000001.1_7
GCA_913045275.1	PR	CAJWPG010000010.1_29
GCA_902568235.1	PR	CACFPS010000003.1_120
GCA_008638125.1	PR	VTPM01000005.1_7
GCA_902522225.1	PR	CABYUS010000045.1_1
GCA_902595115.1	PR	CACJOS010000001.1_67
GCA_902604035.1	PR	CACKXG010000042.1_1
GCA_902572945.1	PR	CACGHU010000006.1_4
GCA_902570525.1	PR	CACFYN010000002.1_87
GCA_902584015.1	PR	CACHYG010000015.1_12
GCA_003215185.1	PR	QCKR01000024.1_7
GCA_902607805.1	PR	CACLLR010000014.1_17
GCA_902536765.1	PR	CACAYM010000019.1_2
GCA_902624635.1	PR	CACNYD010000004.1_3
GCA_902629955.1	PR	CACOSS010000005.1_52
GCA_902566775.1	PR	CACFKF010000017.1_20
GCA_002457515.1	PR	NTJN01000002.1_59
GCA_902549495.1	PR	CACCVU010000003.1_61
GCA_902583645.1	PR	CACHWQ010000003.1_1
GCA_902560565.1	PR	CACEMG010000008.1_8
GCA_902617645.1	PR	CACMXM010000003.1_35
GCA_905620495.1	PR	CAJQTK010000023.1_15
GCA_005801485.1	PR	SYDM01000095.1_5
GCA_009693705.1	PR	SHWS01000001.1_84
GCA_902581445.1	PR	CACHOG010000004.1_52
GCA_902580275.1	PR	CACHJZ010000004.1_91
GCA_902632275.1	PR	CACPBW010000006.1_3
GCA_001438335.1	PR	LIBV01000042.1_7
GCA_902603215.1	PR	CACKTW010000011.1_19
GCA_905612435.1	PR	CAJQRZ010000042.1_7
GCA_902634455.1	PR	CACPKQ010000003.1_82
GCA_902555585.1	PR	CACDSY010000001.1_209
GCA_003282205.1	PR	QBZW01000009.1_81
GCA_003280485.1	PR	QCEU01000003.1_23
GCA_902555275.1	PR	CACDRY010000002.1_88
GCA_902525355.1	PR	CABZGO010000003.1_23
GCA_902562645.1	PR	CACETY010000008.1_27
GCA_003282945.1	PR	QBYG01000004.1_76
GCA_902585265.1	PR	CACICY010000002.1_77
GCA_902569245.1	PR	CACFTO010000006.1_7
GCA_902527265.1	PR	CABZNY010000001.1_51
GCA_902527215.1	PR	CABZOF010000002.1_136
GCA_902596675.1	PR	CACJUO010000019.1_14
GCA_902524635.1	PR	CABZDY010000034.1_4
GCA_902609535.1	PR	CACLSF010000005.1_27
GCA_902604975.1	PR	CACLAY010000012.1_19
GCA_902608845.1	PR	CACLPR010000006.1_41
GCA_902520695.1	PR	CABYOT010000010.1_10
GCA_902563435.1	PR	CACEXE010000030.1_4
GCA_902579465.1	PR	CACHGV010000007.1_54
GCA_902582765.1	PR	CACHTK010000002.1_59
GCA_902603305.1	PR	CACKUI010000001.1_26
GCA_902518395.1	PR	CABYFX010000007.1_8
GCA_902603475.1	PR	CACKUZ010000040.1_2
GCA_902522365.1	PR	CABYVH010000001.1_41
GCA_902617895.1	PR	CACMYJ010000003.1_86
GCA_902636075.1	PR	CACPQM010000002.1_19
GCA_902524115.1	PR	CABZCA010000003.1_7
GCA_902570125.1	PR	CACFXK010000012.1_14
GCA_902614055.1	PR	CACMJX010000001.1_119
GCA_902604565.1	PR	CACKZF010000010.1_7
GCA_902526085.1	PR	CABZJN010000022.1_3
GCA_902543405.1	PR	CACBYC010000002.1_97
GCA_902591775.1	PR	CACJBW010000001.1_72
GCA_902583075.1	PR	CACHUN010000003.1_113
GCA_902576395.1	PR	CACGVB010000006.1_33
GCA_902517495.1	PR	CABYCO010000001.1_72
GCA_902611465.1	PR	CACLZS010000002.1_66
GCA_902609675.1	PR	CACLST010000011.1_30
GCA_902518235.1	PR	CABYFN010000001.1_97
GCA_902519455.1	PR	CABYJT010000025.1_5
GCA_902594335.1	PR	CACJLY010000001.1_3
GCA_902571975.1	PR	CACGED010000015.1_27
GCA_902635335.1	PR	CACPNO010000007.1_18
GCA_902516395.1	PR	CABXYN010000008.1_41
GCA_902604245.1	PR	CACKXQ010000006.1_66
GCA_003211555.1	PR	QCSH01000006.1_65
GCA_000163555.2	TAT	ADAC02000001.1_324
GCA_902588625.1	PR	CACIPU010000009.1_14
GCA_003211695.1	PR	QCSA01000001.1_33
GCA_902519695.1	PR	CABYKN010000007.1_9
GCA_902567045.1	PR	CACFLJ010000009.1_23
GCA_902549785.1	PR	CACCWT010000016.1_9
GCA_902595465.1	PR	CACJQE010000002.1_125
GCA_000513075.1	PR	AZYC01000018.1_18
GCA_902598655.1	PR	CACKCQ010000001.1_7
GCA_902524595.1	PR	CABZDS010000002.1_130
GCA_902596915.1	PR	CACJVQ010000005.1_34
GCA_902576815.1	PR	CACGWQ010000002.1_63
GCA_002689925.1	PR	NZIO01000003.1_8
GCA_902587735.1	PR	CACIML010000004.1_14
GCA_002684895.1	PR	NYVZ01000008.1_16
GCA_902570055.1	PR	CACFWQ010000027.1_5
GCA_003210075.1	PR	QCNR01000001.1_101
GCA_902566315.1	PR	CACFIL010000018.1_8
GCA_902599665.1	PR	CACKGK010000028.1_6
GCA_902570425.1	PR	CACFYB010000020.1_4
GCA_004213155.1	PR	SHAN01000002.1_41
GCA_913030805.1	PR	CAJWDL010000001.1_108
GCA_913052435.1	PR	CAJXDV010000061.1_1
GCA_902584685.1	PR	CACIAP010000012.1_3
GCA_902595535.1	PR	CACJQI010000002.1_98
GCA_001704065.1	PR	LHBX01000062.1_11
GCA_902616245.1	PR	CACMSB010000001.1_538
GCA_902633125.1	PR	CACPEZ010000002.1_69
GCA_902570695.1	PR	CACFZE010000002.1_180
GCA_902521355.1	PR	CABYRT010000009.1_20
GCA_902519255.1	PR	CABYIV010000001.1_369
GCA_902618205.1	PR	CACMZL010000004.1_104
GCA_902586025.1	PR	CACIFV010000008.1_8
GCA_902518165.1	PR	CABYFB010000003.1_125
GCA_902534735.1	PR	CACARD010000004.1_32
GCA_902614975.1	PR	CACMND010000010.1_7
GCA_902531175.1	PR	CACADE010000001.1_171
GCA_902596975.1	PR	CACJWS010000018.1_8
GCA_902517745.1	PR	CABYDS010000006.1_63
GCA_902595815.1	PR	CACJRL010000005.1_45
GCA_902588975.1	PR	CACIRJ010000004.1_29
GCA_902559605.1	PR	CACEIC010000001.1_24
GCA_902543485.1	PR	CACBYP010000005.1_108
GCA_902542975.1	PR	CACBWM010000007.1_21
GCA_902532525.1	PR	CACAIK010000012.1_8
GCA_902576115.1	PR	CACGUE010000002.1_41
GCA_902601895.1	PR	CACKOU010000001.1_102
GCA_902580505.1	PR	CACHLB010000015.1_14
GCA_902609705.1	PR	CACLSX010000049.1_4
GCA_902572225.1	PR	CACGFJ010000020.1_8
GCA_902612605.1	PR	CACMDY010000006.1_75
GCA_902575835.1	PR	CACGSX010000002.1_84
GCA_902624535.1	PR	CACNYF010000008.1_4
GCA_902540545.1	PR	CACBMY010000009.1_14
GCA_902574685.1	PR	CACGOO010000009.1_13
GCA_902532225.1	PR	CACAHI010000030.1_6
GCA_902577875.1	PR	CACHAX010000019.1_8
GCA_902592965.1	PR	CACJGL010000023.1_8
GCA_902535625.1	PR	CACAUA010000002.1_3
GCA_902622245.1	PR	CACNPC010000002.1_14
GCA_902588965.1	PR	CACIRD010000002.1_94
GCA_902618565.1	PR	CACNAX010000003.1_27
GCA_902533775.1	PR	CACANA010000036.1_5
GCA_000419545.1	PR	ATTF01000017.1_6
GCA_902542795.1	PR	CACBVP010000001.1_26
GCA_902604795.1	PR	CACKZV010000020.1_2
GCA_003278805.1	PR	QCDC01000001.1_88
GCA_003282485.1	PR	QBZD01000002.1_157
GCA_902604545.1	PR	CACKZG010000001.1_11
GCA_902592375.1	PR	CACJEG010000009.1_9
GCA_902594865.1	PR	CACJNV010000001.1_63
GCA_902559935.1	PR	CACEJN010000017.1_12
GCA_902615975.1	PR	CACMRC010000010.1_10
GCA_902623305.1	PR	CACNTB010000013.1_11
GCA_902588315.1	PR	CACIOP010000003.1_73
GCA_902624015.1	PR	CACNVV010000002.1_13
GCA_902554745.1	PR	CACDQA010000002.1_18
GCA_902592275.1	PR	CACJDW010000001.1_108
GCA_902527415.1	PR	CABZPD010000017.1_7
GCA_902635515.1	PR	CACPOD010000005.1_80
GCA_902593405.1	PR	CACJIB010000017.1_26
GCA_902582345.1	PR	CACHRU010000005.1_5
GCA_902628305.1	PR	CACOMK010000014.1_6
GCA_902543245.1	PR	CACBXQ010000006.1_63
GCA_902552705.1	PR	CACDHZ010000008.1_19
GCA_902630665.1	PR	CACOVP010000008.1_27
GCA_902610515.1	PR	CACLVZ010000001.1_73
GCA_902523125.1	PR	CABYYA010000004.1_53
GCA_902564245.1	PR	CACFAF010000006.1_20
GCA_902527485.1	PR	CABZPB010000006.1_37
GCA_902587515.1	PR	CACILM010000017.1_3
GCA_902582475.1	PR	CACHSH010000014.1_13
GCA_902561765.1	PR	CACEQR010000014.1_7
GCA_902558435.1	PR	CACEDU010000001.1_221
GCA_902597335.1	PR	CACJXK010000001.1_267
GCA_902611265.1	PR	CACLYY010000018.1_3
GCA_902584995.1	PR	CACICF010000005.1_75
GCA_902594675.1	PR	CACJNE010000016.1_8
GCA_902577075.1	PR	CACGXV010000001.1_170
GCA_902612575.1	PR	CACMDZ010000001.1_41
GCA_902581585.1	PR	CACHPB010000005.1_20
GCA_902547535.1	PR	CACCOB010000001.1_220
GCA_902600205.1	PR	CACKIN010000019.1_15
GCA_902534465.1	PR	CACAPU010000003.1_28
GCA_902590125.1	PR	CACIVL010000010.1_8
GCA_902537555.1	PR	CACBBR010000004.1_30
GCA_902551985.1	PR	CACDFI010000004.1_26
GCA_902580535.1	PR	CACHKZ010000001.1_80
GCA_902545035.1	PR	CACCEJ010000003.1_70
GCA_014654065.1	PR	JACWDM010000010.1_8
GCA_902581405.1	PR	CACHOJ010000001.1_8
GCA_902560685.1	PR	CACEMT010000008.1_38
GCA_902567685.1	PR	CACFNH010000003.1_22
GCA_905616445.1	PR	CAJQSV010000041.1_2
GCA_902555665.1	PR	CACDTF010000013.1_20
GCF_001179945.1	PR	NZ_CVSG01000075.1_43
GCA_003212925.1	PR	QCOL01000005.1_62
GCA_004321785.1	PR	SGZT01000026.1_2
GCA_902552345.1	PR	CACDGO010000003.1_54
GCA_902629535.1	PR	CACORD010000015.1_3
GCF_002101315.1	PR	NZ_CP020777.1_393
GCA_902590755.1	PR	CACIYA010000031.1_10
GCA_902625035.1	PR	CACNZK010000010.1_8
GCA_902544985.1	PR	CACCFV010000014.1_8
GCA_902544525.1	PR	CACCCN010000007.1_37
GCA_902579925.1	PR	CACHIS010000002.1_17
GCA_902573985.1	PR	CACGLS010000018.1_2
GCA_902625945.1	PR	CACODG010000002.1_71
GCA_902557935.1	PR	CACECJ010000002.1_20
GCA_902557605.1	PR	CACEAQ010000003.1_47
GCA_902541745.1	PR	CACBRW010000002.1_79
GCA_902566705.1	PR	CACFJT010000006.1_8
GCA_902557995.1	PR	CACECL010000002.1_13
GCA_902557155.1	PR	CACDYR010000001.1_154
GCA_902633985.1	PR	CACPHV010000010.1_51
GCA_902571425.1	PR	CACGBZ010000001.1_306
GCA_902629075.1	PR	CACOPK010000014.1_8
GCA_902628965.1	PR	CACOPB010000002.1_231
GCA_902618695.1	PR	CACNCB010000003.1_81
GCA_902553695.1	PR	CACDLR010000012.1_22
GCA_905612415.1	PR	CAJQRW010000008.1_14
GCA_902524545.1	PR	CABZDW010000015.1_17
GCA_902583585.1	PR	CACHWN010000001.1_76
GCA_902635225.1	PR	CACPNG010000014.1_14
GCA_913052435.1	PR	CAJXDV010000002.1_18
GCA_902632445.1	PR	CACPCL010000004.1_44
GCA_902609235.1	PR	CACLRF010000033.1_1
GCA_905612535.1	PR	CAJQSJ010000060.1_7
GCA_902598735.1	PR	CACKCM010000005.1_22
GCA_902529645.1	PR	CABZXO010000004.1_10
GCA_902595595.1	PR	CACJQX010000017.1_11
GCA_902635865.1	PR	CACPPD010000003.1_16
GCA_902596515.1	PR	CACJUF010000006.1_22
GCA_902541825.1	PR	CACBRY010000010.1_2
GCA_902590505.1	PR	CACIWZ010000001.1_96
GCA_902522115.1	PR	CABYUV010000008.1_24
GCA_902593845.1	PR	CACJJV010000003.1_101
GCA_902539235.1	PR	CACBIC010000008.1_7
GCA_003280005.1	PR	QCGH01000002.1_81
GCA_902578265.1	PR	CACHCA010000004.1_16
GCA_902573465.1	PR	CACGJX010000001.1_221
GCA_902543375.1	PR	CACBYE010000004.1_15
GCA_902572925.1	PR	CACGHT010000017.1_6
GCA_902582845.1	PR	CACHTQ010000002.1_80
GCA_902587155.1	PR	CACIKE010000003.1_48
GCA_902600635.1	PR	CACKKE010000002.1_61
GCA_902569105.1	PR	CACFTE010000010.1_10
GCA_902568855.1	PR	CACFSB010000011.1_6
GCA_902610675.1	PR	CACLWP010000005.1_49
GCA_902522385.1	PR	CABYVK010000005.1_10
GCA_902539445.1	PR	CACBIY010000006.1_25
GCA_905620505.1	PR	CAJQTN010000010.1_48
GCA_902516425.1	PR	CABXYE010000006.1_18
GCA_902572475.1	PR	CACGGB010000006.1_20
GCA_902594655.1	PR	CACJMW010000008.1_17
GCA_902523895.1	PR	CABZAZ010000005.1_49
GCA_902598485.1	PR	CACKBU010000009.1_17
GCA_902617625.1	PR	CACMXJ010000016.1_6
GCA_902546375.1	PR	CACCJO010000001.1_33
GCA_902536385.1	PR	CACAWY010000001.1_55
GCA_902576375.1	PR	CACGUZ010000003.1_114
GCA_902597725.1	PR	CACJYQ010000004.1_41
GCA_902633515.1	PR	CACPGB010000028.1_4
GCA_902571015.1	PR	CACGAC010000010.1_9
GCA_902601545.1	PR	CACKNR010000002.1_88
GCA_902523495.1	PR	CABYZU010000018.1_8
GCA_902619675.1	PR	CACNFA010000001.1_111
GCA_902589305.1	PR	CACISL010000002.1_37
GCA_902560855.1	PR	CACENJ010000004.1_55
GCA_902551755.1	PR	CACDEB010000004.1_61
GCA_902547215.1	PR	CACCNI010000016.1_9
GCA_902562205.1	PR	CACESO010000005.1_97
GCA_902586395.1	PR	CACIHL010000022.1_6
GCA_902623785.1	PR	CACNVG010000003.1_18
GCA_902566755.1	PR	CACFJR010000006.1_10
GCA_902588835.1	PR	CACIQQ010000005.1_76
GCA_902523185.1	PR	CABYYJ010000002.1_8
GCF_001180105.1	PR	NZ_CVSO01000040.1_182
GCA_902633585.1	PR	CACPGZ010000008.1_15
GCA_902582235.1	PR	CACHQX010000014.1_5
GCA_902618555.1	PR	CACNAY010000002.1_31
GCA_902597865.1	PR	CACJZL010000023.1_3
GCA_902631265.1	PR	CACOXX010000037.1_3
GCA_902599605.1	PR	CACKFV010000008.1_41
GCA_902624345.1	PR	CACNXI010000003.1_18
GCA_902585045.1	PR	CACICB010000007.1_39
GCA_902619835.1	PR	CACNFS010000010.1_25
GCA_902592265.1	PR	CACJDV010000014.1_9
GCA_902597175.1	PR	CACJWN010000015.1_6
GCA_902525935.1	PR	CABZJA010000001.1_106
GCA_902594395.1	PR	CACJLZ010000003.1_56
GCA_902591025.1	PR	CACIZB010000005.1_9
GCA_902543575.1	PR	CACBYV010000007.1_8
GCA_902619495.1	PR	CACNEM010000001.1_50
GCA_003279775.1	PR	QCGW01000008.1_17
GCA_000750175.1	PR	JPLS01000023.1_2
GCA_902547825.1	PR	CACCPE010000002.1_38
GCA_902580335.1	PR	CACHKE010000007.1_31
GCA_902574215.1	PR	CACGMR010000009.1_35
GCA_902587755.1	PR	CACIMN010000001.1_176
GCA_902609915.1	PR	CACLTO010000009.1_25
GCA_902624195.1	PR	CACNWV010000003.1_86
GCA_902557775.1	PR	CACEBD010000004.1_58
GCA_905182345.1	PR	CAJJBG010000026.1_6
GCA_902548405.1	PR	CACCRN010000001.1_73
GCA_902588925.1	PR	CACIRB010000008.1_3
GCA_902515095.1	PR	CABXTC010000004.1_52
GCA_902630915.1	PR	CACOWD010000002.1_22
GCA_902595375.1	PR	CACJPW010000001.1_66
GCA_902574705.1	PR	CACGOM010000006.1_17
GCA_902624885.1	PR	CACNZU010000011.1_6
GCA_902560805.1	PR	CACENW010000003.1_108
GCA_902514945.1	PR	CABXSO010000001.1_13
GCA_902579985.1	PR	CACHIV010000010.1_30
GCA_902571955.1	PR	CACGDZ010000001.1_92
GCA_905182145.1	PR	CAJJAN010000042.1_2
GCA_902584225.1	PR	CACHYX010000004.1_13
GCA_902537905.1	PR	CACBDD010000019.1_9
GCA_902634775.1	PR	CACPLG010000001.1_4
GCA_902599625.1	PR	CACKGF010000003.1_65
GCA_902578175.1	PR	CACHBY010000019.1_8
GCA_902535745.1	PR	CACAUR010000002.1_76
GCA_902566675.1	PR	CACFJO010000030.1_7
GCA_902588855.1	PR	CACIQS010000001.1_21
GCA_902616145.1	PR	CACMRM010000002.1_56
GCA_902555465.1	PR	CACDSN010000006.1_67
GCA_902628525.1	PR	CACOMZ010000004.1_55
GCA_902598315.1	PR	CACKBP010000005.1_103
GCA_902610115.1	PR	CACLUK010000003.1_72
GCA_902597555.1	PR	CACJYE010000027.1_11
GCA_902629285.1	PR	CACOQN010000006.1_8
GCA_902610975.1	PR	CACLXL010000008.1_13
GCA_902632545.1	PR	CACPCX010000005.1_20
GCA_902595285.1	PR	CACJPL010000004.1_124
GCA_902596355.1	PR	CACJTS010000019.1_8
GCA_902518955.1	PR	CABYIR010000037.1_2
GCA_902582165.1	PR	CACHQZ010000006.1_28
GCA_902592985.1	PR	CACJGR010000004.1_22
GCA_902613755.1	PR	CACMIH010000006.1_101
GCA_902581775.1	PR	CACHPJ010000001.1_85
GCA_902535255.1	PR	CACASQ010000013.1_5
GCA_902554785.1	PR	CACDQG010000006.1_7
GCA_902535505.1	PR	CACATS010000002.1_8
GCA_902594705.1	PR	CACJNI010000001.1_64
GCA_003210025.1	PR	QCNW01000006.1_126
GCA_003281005.1	PR	QCDE01000020.1_10
GCA_017880265.1	PR	JAFJTK010000092.1_16
GCA_902555065.1	PR	CACDQQ010000002.1_210
GCA_902633185.1	PR	CACPFN010000014.1_15
GCA_902521075.1	PR	CABYQM010000007.1_15
GCA_902572515.1	PR	CACGGJ010000002.1_59
GCA_902598015.1	PR	CACJZT010000002.1_80
GCA_902599335.1	PR	CACKFA010000006.1_104
GCA_902596375.1	PR	CACJTU010000012.1_15
GCA_902612345.1	PR	CACMDE010000004.1_21
GCA_902536925.1	PR	CACAZL010000001.1_70
GCA_902617975.1	PR	CACMYV010000001.1_110
GCA_902572775.1	PR	CACGHF010000020.1_7
GCA_902619745.1	PR	CACNFL010000025.1_5
GCA_902610755.1	PR	CACLWW010000006.1_38
GCA_902597515.1	PR	CACJYB010000004.1_39
GCA_902558545.1	PR	CACEEJ010000001.1_10
GCA_902571135.1	PR	CACGAU010000005.1_54
GCA_902558835.1	PR	CACEFK010000005.1_54
GCA_902528575.1	PR	CABZSV010000014.1_13
GCA_902590535.1	PR	CACIXF010000002.1_108
GCA_902564385.1	PR	CACFAT010000001.1_139
GCA_902622955.1	PR	CACNRP010000004.1_13
GCA_902591695.1	PR	CACJBQ010000011.1_10
GCA_902531765.1	PR	CACAFC010000003.1_67
GCA_902593235.1	PR	CACJHS010000004.1_28
GCA_902624585.1	PR	CACNXU010000018.1_10
GCA_902542235.1	PR	CACBTT010000020.1_7
GCA_902559395.1	PR	CACEHR010000001.1_84
GCA_902556505.1	PR	CACDWM010000018.1_9
GCA_902555435.1	PR	CACDRL010000003.1_84
GCA_003213615.1	PR	QCMQ01000001.1_419
GCA_902591755.1	PR	CACJBX010000004.1_138
GCA_902591535.1	PR	CACJBA010000001.1_69
GCA_902593445.1	PR	CACJIJ010000005.1_38
GCA_902623075.1	PR	CACNSD010000003.1_97
GCA_902555535.1	PR	CACDTB010000028.1_5
GCA_902581925.1	PR	CACHQB010000001.1_20
GCA_902578315.1	PR	CACHCL010000020.1_6
GCA_902573755.1	PR	CACGLD010000009.1_8
GCA_902512765.1	PR	CABXKF010000005.1_9
GCA_902524865.1	PR	CABZEV010000001.1_106
GCA_902525565.1	PR	CABZHY010000019.1_2
GCA_902584815.1	PR	CACIBF010000017.1_2
GCA_902537845.1	PR	CACBDC010000004.1_29
GCA_003213015.1	PR	QCOG01000001.1_182
GCA_902589315.1	PR	CACISK010000006.1_52
GCA_902595795.1	PR	CACJRK010000028.1_6
GCA_902521675.1	PR	CABYSP010000001.1_40
GCA_902623495.1	PR	CACNTW010000015.1_15
GCA_902589455.1	PR	CACISX010000013.1_7
GCA_902543295.1	PR	CACBXW010000005.1_57
GCA_902613065.1	PR	CACMFU010000006.1_60
GCA_902611845.1	PR	CACMAX010000004.1_12
GCA_902517615.1	PR	CABYCY010000002.1_111
GCA_004213215.1	PR	SHAO01000002.1_53
GCA_902574695.1	PR	CACGON010000004.1_37
GCA_902515185.1	PR	CABXTN010000006.1_51
GCA_902611405.1	PR	CACLZL010000001.1_87
GCA_902588895.1	PR	CACIRC010000010.1_11
GCA_902623415.1	PR	CACNTU010000010.1_33
GCA_902553675.1	PR	CACDLV010000011.1_15
GCA_902511185.1	PR	CABXEK010000031.1_10
GCA_902526645.1	PR	CABZLS010000011.1_7
GCA_902533445.1	PR	CACALX010000011.1_13
GCA_902622655.1	PR	CACNQY010000016.1_18
GCA_902514805.1	PR	CABXSF010000002.1_51
GCA_902593285.1	PR	CACJHW010000002.1_227
GCA_902532645.1	PR	CACAIU010000022.1_8
GCA_902524945.1	PR	CABZFF010000002.1_13
GCA_002684895.1	TAT	NYVZ01000007.1_40
GCA_902595885.1	PR	CACJRQ010000012.1_23
GCA_902629935.1	PR	CACOSU010000001.1_10
GCA_902579215.1	PR	CACHGH010000001.1_9
GCA_902596785.1	PR	CACJVG010000013.1_21
GCA_902635665.1	PR	CACPOX010000017.1_7
GCA_008638165.1	PR	VTPL01000083.1_2
GCA_902538255.1	PR	CACBEJ010000003.1_62
GCA_902600245.1	PR	CACKIQ010000021.1_11
GCA_902564785.1	PR	CACFCI010000014.1_15
GCA_902515965.1	PR	CABXWS010000040.1_4
GCA_902555945.1	PR	CACDUS010000005.1_79
GCA_003213115.1	PR	QCNU01000001.1_577
GCA_902538885.1	PR	CACBGU010000007.1_45
GCA_902611175.1	PR	CACLYQ010000050.1_3
GCF_001179845.1	PR	NZ_CVSB01000037.1_2
GCF_007833635.1	PR	NZ_CP031125.1_873
GCA_902594405.1	PR	CACJMB010000005.1_94
GCA_902545945.1	PR	CACCID010000013.1_9
GCA_902527635.1	PR	CABZPS010000002.1_6
GCA_902625825.1	PR	CACOCL010000009.1_17
GCA_902559075.1	PR	CACEGO010000016.1_12
GCA_902633885.1	PR	CACPIK010000003.1_56
GCA_902516625.1	PR	CABXYU010000007.1_39
GCA_902632315.1	PR	CACPCD010000011.1_17
GCA_902552475.1	PR	CACDJC010000014.1_14
GCA_003209225.1	PR	QCRZ01000002.1_59
GCA_902589705.1	PR	CACITX010000016.1_2
GCA_000299095.1	PR	CP003809.1_214
GCA_003284275.1	PR	QBVU01000004.1_43
GCA_902633965.1	PR	CACPID010000005.1_14
GCA_902619595.1	PR	CACNFE010000010.1_29
GCA_902545825.1	PR	CACCHS010000023.1_8
GCA_902598425.1	PR	CACKBK010000002.1_94
GCA_902597875.1	PR	CACJZK010000001.1_167
GCA_902626575.1	PR	CACOFY010000003.1_87
GCA_902628635.1	PR	CACONQ010000002.1_25
GCA_902613915.1	PR	CACMJB010000003.1_9
GCA_902589725.1	PR	CACITU010000004.1_16
GCA_902550285.1	PR	CACCYQ010000002.1_35
GCA_902554135.1	PR	CACDNJ010000001.1_87
GCA_902581605.1	PR	CACHPE010000011.1_44
GCA_902607115.1	PR	CACLIZ010000006.1_9
GCA_902586125.1	PR	CACIGI010000002.1_55
GCA_902606065.1	PR	CACLEX010000017.1_5
GCA_902568975.1	PR	CACFSO010000008.1_23
GCF_900177485.1	PR	NZ_LT840186.1_132
GCA_902587215.1	PR	CACIKJ010000007.1_22
GCA_902579085.1	PR	CACHFK010000008.1_13
GCA_902631595.1	PR	CACOZH010000016.1_8
GCA_902609685.1	PR	CACLSR010000007.1_9
GCA_003213155.1	PR	QCNQ01000011.1_11
GCA_902597675.1	PR	CACJYR010000022.1_14
GCA_003216255.1	PR	QCJD01000012.1_57
GCA_902612325.1	PR	CACMDB010000008.1_9
GCA_902518155.1	PR	CABYFA010000024.1_2
GCA_902586495.1	PR	CACIHQ010000001.1_24
GCA_902582605.1	PR	CACHSP010000001.1_111
GCA_003212275.1	PR	QCQE01000035.1_2
GCA_902615425.1	PR	CACMPD010000005.1_26
GCA_003278065.1	PR	QCHE01000001.1_157
GCA_902541515.1	PR	CACBRD010000013.1_7
GCA_902574345.1	PR	CACGNF010000001.1_73
GCA_902632665.1	PR	CACPDT010000018.1_10
GCA_902554995.1	PR	CACDQT010000018.1_11
GCA_902631255.1	PR	CACOXS010000004.1_68
GCA_902531885.1	PR	CACAFZ010000006.1_23
GCA_902628565.1	PR	CACONR010000006.1_39
GCA_902624465.1	PR	CACNXP010000003.1_70
GCA_902626645.1	PR	CACOGC010000006.1_22
GCA_902624315.1	PR	CACNXC010000005.1_12
GCA_902552805.1	PR	CACDIC010000002.1_10
GCA_902601705.1	PR	CACKNV010000005.1_66
GCA_902575095.1	PR	CACGPY010000005.1_57
GCA_902546145.1	PR	CACCIT010000001.1_188
GCA_902577525.1	PR	CACGZG010000006.1_23
GCA_902617715.1	PR	CACMXS010000009.1_18
GCA_902580135.1	PR	CACHJL010000027.1_9
GCA_902604785.1	PR	CACLAC010000012.1_15
GCA_902571375.1	PR	CACGBP010000001.1_205
GCA_902616725.1	PR	CACMTZ010000002.1_224
GCA_902572345.1	PR	CACGEW010000001.1_78
GCA_902626045.1	PR	CACODU010000002.1_42
GCA_003214525.1	PR	QCLN01000007.1_25
GCA_902627045.1	PR	CACOHP010000004.1_46
GCA_902552755.1	PR	CACDHV010000002.1_72
GCA_905612335.1	PR	CAJQRT010000022.1_4
GCA_902590465.1	PR	CACIWX010000013.1_5
GCA_902594825.1	PR	CACJNO010000019.1_1
GCA_902632515.1	PR	CACPDA010000002.1_25
GCA_902566365.1	PR	CACFIH010000005.1_10
GCA_902590625.1	PR	CACIXL010000003.1_36
GCA_003213695.1	PR	QCMO01000002.1_13
GCA_003212415.1	PR	QCPT01000001.1_101
GCA_902628195.1	PR	CACOLY010000004.1_56
GCA_902532595.1	PR	CACAIN010000004.1_19
GCA_905612465.1	PR	CAJQSC010000016.1_19
GCA_905618905.1	PR	CAJQTH010000026.1_3
GCA_001179885.1	PR	CVSD01000076.1_5
GCA_003212295.1	PR	QCQC01000028.1_1
GCA_905616395.1	PR	CAJQSQ010000021.1_45
GCA_902608385.1	PR	CACLNT010000019.1_7
GCA_902601785.1	PR	CACKOH010000018.1_11
GCA_902519945.1	PR	CABYLY010000003.1_16
GCA_902539035.1	PR	CACBHL010000002.1_10
GCA_902516435.1	PR	CABXYF010000004.1_2
GCA_902540275.1	PR	CACBMB010000007.1_73
GCA_902627735.1	PR	CACOKI010000013.1_5
GCA_902563575.1	PR	CACEXV010000001.1_234
GCA_902543535.1	PR	CACBYG010000001.1_100
GCA_902573235.1	PR	CACGIZ010000001.1_8
GCA_902531025.1	PR	CACACV010000002.1_6
GCA_902576765.1	PR	CACGWH010000020.1_5
GCA_902622825.1	PR	CACNRH010000004.1_42
GCA_017856975.1	TAT	JAFMDZ010000006.1_25
GCA_902595125.1	PR	CACJOY010000002.1_13
GCA_902613855.1	PR	CACMIX010000002.1_11
GCA_902561095.1	PR	CACEOF010000013.1_7
GCA_902564265.1	PR	CACFAI010000005.1_11
GCA_902627565.1	PR	CACOJM010000003.1_99
GCA_902557585.1	PR	CACEBA010000031.1_2
GCA_902573705.1	PR	CACGKR010000001.1_9
GCA_902623975.1	PR	CACNVR010000002.1_109
GCA_003215055.1	PR	QCKW01000001.1_35
GCA_902516345.1	PR	CABXYJ010000005.1_42
GCA_902578255.1	PR	CACHCH010000009.1_9
GCA_902632875.1	PR	CACPEI010000003.1_3
GCA_902606105.1	PR	CACLFK010000009.1_9
GCA_902599995.1	PR	CACKHN010000001.1_44
GCA_902611145.1	PR	CACLYO010000001.1_139
GCA_902528505.1	PR	CABZSY010000017.1_7
GCA_902604355.1	PR	CACKYN010000015.1_5
GCA_902604525.1	PR	CACKYY010000012.1_18
GCA_902551865.1	PR	CACDES010000001.1_19
GCA_902604175.1	PR	CACKXR010000008.1_8
GCA_902526115.1	PR	CABZJV010000001.1_24
GCA_902526595.1	PR	CABZLO010000016.1_5
GCA_902594235.1	PR	CACJLJ010000001.1_241
GCA_902622795.1	PR	CACNRD010000012.1_7
GCA_902520645.1	PR	CABYOP010000003.1_42
GCA_902617825.1	PR	CACMYE010000018.1_9
GCA_902605605.1	PR	CACLDI010000006.1_1
GCA_902624075.1	PR	CACNWC010000002.1_101
GCA_902561585.1	PR	CACEQK010000019.1_6
GCA_905612375.1	PR	CAJQRS010000027.1_31
GCA_003216235.1	PR	QCJE01000013.1_15
GCA_902533585.1	PR	CACAMG010000003.1_43
GCA_003209915.1	PR	QCOF01000001.1_261
GCA_902590915.1	PR	CACIYQ010000014.1_6
GCA_902583295.1	PR	CACHUY010000028.1_7
GCA_902514665.1	PR	CABXRS010000033.1_4
GCA_902578115.1	PR	CACHBR010000001.1_35
GCA_902517535.1	PR	CABYCK010000004.1_7
GCA_902554315.1	PR	CACDOF010000014.1_13
GCF_012932795.1	PR	NZ_LANA01000001.1_128
GCA_902574045.1	PR	CACGMG010000018.1_8
GCA_902515625.1	PR	CABXVD010000002.1_33
GCA_905478565.1	PR	CAJQJC010000022.1_6
GCA_902579285.1	PR	CACHGA010000003.1_25
GCA_902587145.1	PR	CACIKD010000001.1_315
GCA_902612235.1	PR	CACMCJ010000005.1_16
GCA_902569405.1	PR	CACFTX010000001.1_36
GCA_902522955.1	PR	CABYXR010000010.1_23
GCA_902569185.1	PR	CACFTH010000006.1_5
GCA_014653975.1	PR	JACWDR010000002.1_9
GCA_902572695.1	PR	CACGGZ010000002.1_28
GCA_902583785.1	PR	CACHXE010000002.1_53
GCA_902614835.1	PR	CACMMU010000012.1_32
GCA_902539165.1	PR	CACBHY010000004.1_133
GCA_902572605.1	PR	CACGGD010000004.1_34
GCA_902580945.1	PR	CACHML010000004.1_50
GCA_902605645.1	PR	CACLDE010000005.1_19
GCA_902596745.1	PR	CACJUZ010000003.1_13
GCA_902571055.1	PR	CACGAM010000019.1_4
GCA_902561155.1	PR	CACEOY010000002.1_115
GCA_902633335.1	PR	CACPFY010000001.1_47
GCA_902570505.1	PR	CACFYR010000004.1_24
GCA_902561075.1	PR	CACEOC010000015.1_8
GCA_902556905.1	PR	CACDYK010000001.1_173
GCA_902620525.1	PR	CACNIK010000001.1_60
GCA_902560075.1	PR	CACEKE010000001.1_368
GCA_902560625.1	PR	CACEMD010000005.1_37
GCA_902566925.1	PR	CACFKO010000003.1_33
GCA_902524105.1	PR	CABZCD010000014.1_19
GCA_902580115.1	PR	CACHJN010000006.1_57
GCA_016777545.1	PR	JADHRH010000034.1_12
GCA_902599495.1	PR	CACKFY010000005.1_66
GCA_902529105.1	PR	CABZUW010000006.1_55
GCA_902629575.1	PR	CACORJ010000009.1_1
GCA_902620585.1	PR	CACNJC010000006.1_4
GCA_902530885.1	PR	CACABZ010000003.1_60
GCA_902582875.1	PR	CACHTV010000002.1_68
GCA_902582155.1	PR	CACHRI010000003.1_42
GCA_902573835.1	PR	CACGKZ010000004.1_91
GCA_902579605.1	PR	CACHHD010000005.1_46
GCA_902619925.1	PR	CACNFY010000015.1_9
GCA_003282835.1	PR	QBYL01000002.1_149
GCA_902553845.1	PR	CACDMG010000024.1_7
GCA_902548045.1	PR	CACCPR010000001.1_46
GCA_902588515.1	PR	CACIPP010000006.1_12
GCA_902550635.1	PR	CACCZY010000007.1_26
GCA_902591185.1	PR	CACIZU010000006.1_44
GCA_017855855.1	PR	JAFMFT010000030.1_2
GCA_017855575.1	PR	JAFMGF010000010.1_31
GCA_008638015.1	PR	VTPD01000034.1_2
GCA_017856855.1	PR	JAFMEE010000031.1_11
GCA_017856135.1	PR	JAFMFJ010000050.1_2
GCA_017858495.1	PR	JAFMBL010000032.1_8
GCA_902561535.1	PR	CACEPS010000004.1_24
GCA_003213135.1	PR	QCNT01000002.1_4
GCA_902604695.1	PR	CACKZT010000009.1_36
GCA_902559305.1	PR	CACEHK010000004.1_7
GCA_902594835.1	PR	CACJNX010000028.1_7
GCA_017880525.1	PR	JAFJTD010000100.1_2
GCA_017852695.1	PR	JAFMKV010000018.1_2
GCA_008638245.1	PR	VTPR01000018.1_2
GCA_003278125.1	PR	QCGX01000016.1_12
GCA_902573865.1	PR	CACGLI010000002.1_65
GCA_902584365.1	PR	CACHZG010000004.1_22
GCA_902562875.1	PR	CACEVB010000004.1_75
GCA_003279685.1	PR	QCHA01000001.1_101
GCA_902570785.1	PR	CACFZK010000008.1_1
GCA_902578935.1	PR	CACHEU010000002.1_88
GCA_902590845.1	PR	CACIYJ010000008.1_34
GCA_902626185.1	PR	CACOEA010000022.1_8
GCA_002691705.1	TAT	NZIR01000010.1_42
GCA_902553555.1	PR	CACDLE010000012.1_2
GCA_902589155.1	PR	CACIRV010000008.1_10
GCA_902595795.1	PR	CACJRK010000017.1_19
GCA_902598595.1	PR	CACKCD010000018.1_2
GCA_002171215.1	TAT	NHGL01000018.1_11
GCA_902523095.1	PR	CABYYE010000001.1_53
GCA_902587085.1	PR	CACIJX010000005.1_17
GCA_902603925.1	PR	CACKWQ010000004.1_47
GCA_902604605.1	PR	CACKZI010000005.1_9
GCA_902573385.1	PR	CACGJS010000043.1_1
GCA_008638045.1	TAT	VTPH01000016.1_3
GCA_902552035.1	PR	CACDFC010000016.1_13
GCA_902609065.1	PR	CACLQJ010000023.1_8
GCA_905618895.1	PR	CAJQTA010000037.1_21
GCA_902557385.1	PR	CACDZF010000004.1_15
GCA_003213555.1	PR	QCMS01000001.1_8
GCA_902624185.1	PR	CACNWU010000011.1_5
GCA_902604055.1	PR	CACKXA010000002.1_21
GCA_902583345.1	PR	CACHVT010000002.1_11
GCA_016778675.1	PR	JADHPA010000001.1_39
GCA_902588255.1	PR	CACIOK010000006.1_39
GCA_902582105.1	PR	CACHQT010000001.1_79
GCA_008638205.1	TAT	VTPO01000020.1_5
GCA_003282965.1	PR	QBYF01000001.1_65
GCF_001179925.1	PR	NZ_CVSF01000067.1_32
GCA_018402735.1	PR	JAGYIF010000001.1_191
GCA_902569735.1	PR	CACFVE010000008.1_44
GCA_902626725.1	PR	CACOGI010000002.1_66
GCA_902627645.1	PR	CACOJX010000013.1_6
GCF_000155895.1	PR	NZ_DS995298.1_547
GCA_902553465.1	PR	CACDKW010000022.1_8
GCA_902602655.1	PR	CACKRM010000003.1_62
GCA_902604265.1	PR	CACKXX010000024.1_8
GCA_003281795.1	PR	QCAW01000005.1_30
GCA_902569055.1	PR	CACFSU010000004.1_48
GCA_902600855.1	PR	CACKKY010000011.1_10
GCA_902589345.1	PR	CACISU010000004.1_73
GCA_902541315.1	PR	CACBQF010000004.1_86
GCA_902566785.1	PR	CACFKI010000017.1_8
GCA_902576335.1	PR	CACGVC010000004.1_100
GCA_902540785.1	PR	CACBOA010000002.1_11
GCA_902538495.1	PR	CACBFJ010000001.1_158
GCA_902544135.1	PR	CACCBF010000003.1_44
GCA_902621345.1	PR	CACNLV010000001.1_299
GCA_902597575.1	PR	CACJYF010000001.1_25
GCA_902614355.1	PR	CACMKP010000004.1_49
GCA_902529715.1	PR	CABZXL010000013.1_19
GCA_902524235.1	PR	CABZCF010000016.1_9
GCA_902537895.1	PR	CACBCU010000014.1_23
GCA_902539145.1	PR	CACBHX010000006.1_25
GCA_000163555.2	PR	ADAC02000001.1_751
GCA_016870175.1	PR	VGCG01000015.1_11
GCA_014653365.1	PR	JACWEQ010000014.1_22
GCF_000012345.1	PR	NC_007205.1_624
GCA_003282975.1	PR	QBYD01000020.1_11
GCA_902515485.1	PR	CABXUR010000024.1_5
GCA_902560015.1	PR	CACEKA010000004.1_18
GCA_902514755.1	PR	CABXRY010000002.1_11
GCA_902629585.1	PR	CACORI010000021.1_13
GCA_902581695.1	PR	CACHOW010000003.1_6
GCA_902576045.1	PR	CACGTU010000004.1_80
GCA_902565935.1	PR	CACFGT010000003.1_57
GCF_002101295.1	PR	NZ_CP020778.1_335
GCA_902625715.1	PR	CACOCP010000001.1_37
GCA_022763495.1	PR	JALEGW010000003.1_136
GCA_022763425.1	PR	JALEGD010000001.1_1090
GCA_902592445.1	PR	CACJEN010000001.1_196
GCA_902629695.1	PR	CACORY010000009.1_30
GCA_902592325.1	PR	CACJEC010000007.1_26
GCA_902634935.1	PR	CACPMF010000006.1_8
GCA_902614125.1	PR	CACMJW010000004.1_90
GCA_902601315.1	PR	CACKMS010000001.1_7
GCA_902513955.1	PR	CABXOW010000009.1_49
GCA_902532195.1	PR	CACAHE010000001.1_83
GCA_902582735.1	PR	CACHTB010000025.1_14
GCA_902603665.1	PR	CACKVV010000010.1_2
GCA_902616205.1	PR	CACMRY010000002.1_58
GCA_902579585.1	PR	CACHHJ010000022.1_3
GCA_902572155.1	PR	CACGET010000034.1_8
GCF_000195085.1	PR	NC_015380.1_879
GCA_902530635.1	PR	CACABC010000004.1_14
GCA_013204495.1	PR	JABMNQ010000164.1_12
GCA_902595625.1	PR	CACJQQ010000006.1_23
GCA_902528175.1	PR	CABZRN010000001.1_10
GCA_902598125.1	PR	CACKAJ010000001.1_186
GCA_902609645.1	PR	CACLSS010000002.1_25
GCA_902615715.1	PR	CACMQA010000004.1_108
GCA_902599805.1	PR	CACKGP010000011.1_7
GCA_902623395.1	PR	CACNTN010000002.1_109
GCA_902536205.1	PR	CACAWM010000020.1_7
GCA_902615435.1	PR	CACMOZ010000009.1_16
GCA_902603945.1	PR	CACKWP010000009.1_17
GCA_902556825.1	PR	CACDXO010000003.1_53
GCF_012276695.1	PR	NZ_CP038852.1_584
GCA_014653375.1	PR	JACWEP010000008.1_8
GCA_902595725.1	PR	CACJRJ010000003.1_55
GCA_902567765.1	PR	CACFNI010000019.1_4
GCA_902634305.1	PR	CACPJJ010000014.1_8
GCA_003210095.1	PR	QCNP01000001.1_689
GCA_902611815.1	PR	CACMAZ010000015.1_22
GCA_902622545.1	PR	CACNQD010000002.1_177
GCA_902619665.1	PR	CACNFB010000012.1_21
GCA_902628495.1	PR	CACONH010000004.1_67
GCA_003283905.1	PR	QBXA01000011.1_43
GCA_902600485.1	PR	CACKJD010000003.1_72
GCA_003283025.1	PR	QBYC01000006.1_29
GCA_902519625.1	PR	CABYKS010000020.1_8
GCA_902578525.1	PR	CACHDJ010000012.1_3
GCA_902610315.1	PR	CACLVA010000003.1_9
GCA_902583455.1	PR	CACHVY010000003.1_101
GCF_001180185.1	PR	NZ_CVSS01000062.1_11
GCA_902590295.1	PR	CACIWH010000001.1_35
GCA_902564565.1	PR	CACFBW010000002.1_26
GCA_902635545.1	PR	CACPOL010000001.1_214
GCA_902514695.1	PR	CABXRR010000001.1_64
GCA_902555655.1	PR	CACDSX010000010.1_6
GCA_902614905.1	PR	CACMMN010000006.1_29
GCA_016882225.1	PR	VHCA01000012.1_21
GCA_902566805.1	PR	CACFKJ010000001.1_18
GCA_902571925.1	PR	CACGDW010000006.1_37
GCA_902609855.1	PR	CACLTL010000001.1_47
GCA_000371845.1	PR	AQUE01000003.1_29
GCA_902618855.1	PR	CACNCD010000001.1_14
GCA_902567235.1	PR	CACFLX010000005.1_91
GCA_902604005.1	PR	CACKXH010000001.1_116
GCA_902604305.1	PR	CACKXS010000004.1_40
GCA_903869725.1	PR	CAIQAD010000049.1_6
GCA_902607215.1	PR	CACLJJ010000001.1_36
GCA_902627935.1	PR	CACOLA010000012.1_4
GCA_902591415.1	PR	CACJAU010000002.1_100
GCA_902569415.1	PR	CACFUH010000002.1_59
GCA_902560815.1	PR	CACENP010000003.1_21
GCA_902597895.1	PR	CACJZM010000005.1_8
GCA_003282985.1	PR	QBYE01000028.1_6
GCA_014654265.1	PR	JACWDI010000001.1_325
GCA_902585365.1	PR	CACIDF010000007.1_34
GCA_902517735.1	PR	CABYDK010000016.1_5
GCA_902522915.1	PR	CABYXQ010000042.1_6
GCA_902515195.1	PR	CABXTO010000015.1_7
GCA_902577625.1	PR	CACGZX010000014.1_21
GCA_902633595.1	PR	CACPGV010000020.1_4
GCA_902513415.1	PR	CABXMS010000004.1_15
GCA_902616645.1	PR	CACMTO010000006.1_37
GCA_902521805.1	PR	CABYTL010000007.1_15
GCA_902603905.1	PR	CACKWM010000001.1_122
GCA_902514745.1	PR	CABXRX010000017.1_7
GCA_902533075.1	PR	CACAKN010000007.1_29
GCA_902522325.1	PR	CABYVA010000023.1_6
GCA_902559635.1	PR	CACEIY010000013.1_16
GCA_902580445.1	PR	CACHKQ010000014.1_5
GCA_002704625.1	PR	PAGZ01000040.1_128
GCA_902598825.1	PR	CACKDD010000004.1_14
GCA_902578775.1	PR	CACHEF010000001.1_14
GCA_003279715.1	PR	QCGY01000019.1_10
GCA_902626245.1	PR	CACOED010000013.1_18
GCA_902516465.1	PR	CABXZD010000005.1_17
GCA_014653545.1	PR	JACWEJ010000002.1_96
GCA_902571095.1	PR	CACGAV010000008.1_10
GCA_902628275.1	PR	CACOMI010000002.1_6
GCA_902624045.1	PR	CACNVX010000023.1_10
GCA_902517455.1	PR	CABYCN010000007.1_17
GCA_902560245.1	PR	CACELK010000008.1_4
GCA_014653835.1	PR	JACWDY010000004.1_14
GCA_003282825.1	PR	QBYM01000001.1_55
GCA_902552985.1	PR	CACDII010000008.1_13
GCA_902635685.1	PR	CACPOY010000003.1_153
GCA_902569975.1	PR	CACFWD010000026.1_1
GCA_902510635.1	PR	CABXCB010000004.1_22
GCA_902606445.1	PR	CACLGJ010000004.1_7
GCA_014653535.1	PR	JACWEK010000005.1_38
GCA_014654165.1	PR	JACWDK010000009.1_12
GCA_902524535.1	PR	CABZDR010000001.1_14
GCA_902540235.1	PR	CACBLI010000009.1_21
GCA_902615445.1	PR	CACMOQ010000006.1_94
GCA_902581795.1	PR	CACHPL010000002.1_103
GCA_902622805.1	PR	CACNRG010000001.1_33
GCA_902558705.1	PR	CACEEW010000004.1_13
GCA_902520685.1	PR	CABYPE010000008.1_23
GCA_902516065.1	PR	CABXXB010000003.1_30
GCA_902524955.1	PR	CABZEY010000003.1_95
GCA_014653355.1	PR	JACWEO010000002.1_42
GCA_902591045.1	PR	CACIZC010000003.1_13
GCA_902618485.1	PR	CACNAR010000004.1_78
GCA_902524345.1	PR	CABZCX010000003.1_55
GCA_902515205.1	PR	CABXTU010000001.1_81
GCA_902596045.1	PR	CACJSJ010000003.1_15
GCA_014653385.1	PR	JACWER010000008.1_38
GCA_902570915.1	PR	CACGAB010000014.1_10
GCA_902518595.1	PR	CABYGR010000025.1_3
GCA_902606075.1	PR	CACLEU010000017.1_12
GCA_902585415.1	PR	CACIDN010000004.1_70
GCA_902571525.1	PR	CACGCL010000008.1_34
GCA_902606115.1	PR	CACLFM010000009.1_9
GCA_902594255.1	PR	CACJLN010000003.1_16
GCA_902557215.1	PR	CACDZM010000004.1_6
GCA_902517865.1	TAT	CABYDT010000004.1_93
GCA_902591535.1	PR	CACJBA010000002.1_52
GCA_902555535.1	PR	CACDTB010000003.1_28
GCA_902582385.1	PR	CACHRX010000025.1_6
GCA_902613755.1	PR	CACMIH010000004.1_53
GCA_002691705.1	PR	NZIR01000035.1_24
GCA_902558815.1	PR	CACEFF010000005.1_18
GCA_902569725.1	PR	CACFVG010000021.1_7
GCA_003210015.1	PR	QCNX01000003.1_49
GCA_902554035.1	PR	CACDMX010000002.1_121
GCA_008638005.1	PR	VTPE01000022.1_2
GCA_902584915.1	PR	CACIBQ010000032.1_6
GCA_902568875.1	PR	CACFSG010000003.1_75
GCA_002704185.1	PR	PAFP01000011.1_4
GCA_902550805.1	PR	CACDAL010000021.1_4
GCA_018882565.1	PR	VERQ01000013.1_16
GCA_902579105.1	PR	CACHFM010000013.1_24
GCA_902551735.1	PR	CACDEK010000010.1_17
GCA_018658635.1	PR	JABHUX010000001.1_7
GCA_902573585.1	PR	CACGKH010000007.1_6
GCA_009693745.1	PR	SHWR01000007.1_26
GCA_000510845.1	PR	AZOF01000001.1_81
GCA_902571235.1	PR	CACGBI010000006.1_10
GCA_000419465.1	PR	ATTB01000001.1_140
GCA_902594915.1	PR	CACJOA010000001.1_121
GCA_008638205.1	PR	VTPO01000001.1_211
GCA_902559565.1	PR	CACEIH010000027.1_3
GCA_902556265.1	PR	CACDVM010000008.1_20
GCA_023257975.1	PR	JALRAW010000084.1_2
GCA_017856975.1	PR	JAFMDZ010000048.1_7
GCA_018608205.1	TAT	JABAZZ010000042.1_1
GCA_018608205.1	PR	JABAZZ010000041.1_13
GCA_902510025.1	PR	CABWZX010000003.1_25
GCA_902627805.1	PR	CACOKN010000008.1_40
GCF_002688585.1	PR	NZ_CP024034.1_747
GCA_008638225.1	PR	VTPP01000008.1_4
GCA_017880625.1	PR	JAFJSZ010000020.1_4
GCA_008638045.1	PR	VTPH01000011.1_24
GCA_016882185.1	PR	VHCC01000042.1_7
GCA_902523515.1	PR	CABYZT010000003.1_123
GCA_902609255.1	PR	CACLRB010000019.1_3
GCA_002722165.1	PR	PBKK01000005.1_55
GCA_003209195.1	PR	QCSF01000019.1_3
GCA_902517885.1	PR	CABYDZ010000012.1_7
GCA_003211835.1	PR	QCRN01000003.1_86
GCA_902523535.1	PR	CABYZQ010000004.1_108
GCA_902604225.1	PR	CACKXV010000003.1_41
GCA_902521655.1	PR	CABYSM010000002.1_41
GCA_902530715.1	PR	CACABD010000023.1_10
GCA_003282175.1	PR	QBZX01000004.1_5
GCA_003279685.1	PR	QCHA01000002.1_54
GCA_902556905.1	PR	CACDYK010000006.1_18
GCA_014653385.1	PR	JACWER010000005.1_65
GCA_902560225.1	PR	CACEKT010000044.1_4
GCA_014653455.1	PR	JACWEN010000005.1_29
GCA_902554325.1	PR	CACDOH010000003.1_18
GCA_902605215.1	PR	CACLBX010000009.1_26
GCA_902544065.1	PR	CACCAS010000001.1_148
GCA_902560225.1	PR	CACEKT010000009.1_14
GCA_902522915.1	PR	CABYXQ010000010.1_33
GCA_902634485.1	PR	CACPKA010000006.1_41
GCA_000371745.1	PR	AQUH01000008.1_15
GCA_902592985.1	PR	CACJGR010000025.1_9
GCA_902551215.1	PR	CACDCI010000015.1_13
GCA_902608385.1	PR	CACLNT010000011.1_15
GCA_902603905.1	PR	CACKWM010000011.1_2
GCA_902597425.1	PR	CACJXT010000001.1_24
GCA_902590125.1	PR	CACIVL010000004.1_31
GCA_902588595.1	PR	CACIPT010000001.1_2
GCA_902608305.1	PR	CACLNK010000004.1_14
GCA_902526005.1	PR	CABZIW010000002.1_116
GCA_902589175.1	PR	CACIRX010000006.1_7
GCA_003213715.1	PR	QCMN01000010.1_7
GCA_902547315.1	PR	CACCND010000005.1_52
GCA_902590345.1	PR	CACIWK010000001.1_13
GCA_902564025.1	PR	CACEZK010000009.1_26
GCA_902571005.1	PR	CACGAG010000003.1_112
GCA_902617525.1	PR	CACMWW010000008.1_13
GCA_902577765.1	PR	CACHAK010000001.1_180
GCA_902622985.1	PR	CACNSH010000005.1_5
GCA_902550805.1	PR	CACDAL010000007.1_9
GCA_902560855.1	PR	CACENJ010000003.1_20
GCA_902578305.1	PR	CACHCK010000002.1_98
GCA_902510635.1	PR	CABXCB010000024.1_12
GCA_003216255.1	PR	QCJD01000013.1_40
GCA_003209225.1	PR	QCRZ01000003.1_37
GCA_902570055.1	PR	CACFWQ010000004.1_6
GCA_902551895.1	PR	CACDEU010000002.1_23
GCA_902533965.1	PR	CACANZ010000027.1_1
GCA_902626245.1	PR	CACOED010000001.1_31
GCA_902580135.1	PR	CACHJL010000007.1_41
GCA_902524795.1	PR	CABZEU010000004.1_62
GCA_902591185.1	PR	CACIZU010000004.1_66
GCA_905620465.1	PR	CAJQTO010000020.1_13
GCA_004213215.1	PR	SHAO01000029.1_12
GCA_905612435.1	PR	CAJQRZ010000021.1_10
GCA_902519835.1	PR	CABYLU010000005.1_41
GCA_902614655.1	PR	CACMLX010000001.1_33
GCA_003213515.1	PR	QCMV01000016.1_9
GCA_902610585.1	PR	CACLWE010000004.1_23
GCA_902564295.1	PR	CACFAO010000019.1_10
GCA_000513055.1	PR	AZYB01000001.1_15
GCA_902613805.1	PR	CACMIV010000003.1_89
GCA_902556825.1	PR	CACDXO010000005.1_8
GCA_902560685.1	PR	CACEMT010000012.1_24
GCA_902526565.1	PR	CABZLP010000001.1_11
GCA_902569415.1	PR	CACFUH010000004.1_12
GCA_902560815.1	PR	CACENP010000006.1_35
GCA_003283905.1	PR	QBXA01000013.1_18
GCA_902587435.1	PR	CACILF010000002.1_85
GCA_902527075.1	PR	CABZNM010000003.1_28
GCA_902529715.1	PR	CABZXL010000011.1_18
GCA_902523455.1	PR	CABYZG010000006.1_104
GCA_902547535.1	PR	CACCOB010000002.1_210
GCA_902579085.1	PR	CACHFK010000023.1_14
GCA_902624455.1	PR	CACNXQ010000003.1_152
GCA_902531455.1	PR	CACAEM010000050.1_2
GCA_902551735.1	PR	CACDEK010000053.1_1
GCA_902588635.1	PR	CACIPW010000004.1_40
GCA_902532565.1	PR	CACAIR010000031.1_2
GCA_003282895.1	PR	QBYI01000004.1_1
GCA_902634045.1	PR	CACPJE010000007.1_20
GCA_902566775.1	PR	CACFKF010000001.1_130
GCA_902536975.1	PR	CACAZG010000005.1_1
GCA_902540595.1	PR	CACBNI010000027.1_6
GCA_905616435.1	PR	CAJQSU010000031.1_6
GCA_902580565.1	PR	CACHLD010000024.1_1
GCA_902573295.1	PR	CACGJB010000018.1_1
GCA_002692325.1	PR	NZJU01000038.1_1
GCA_902525625.1	PR	CABZHM010000029.1_1
GCA_014653815.1	PR	JACWDZ010000043.1_1
GCA_902592935.1	PR	CACJGD010000049.1_4
GCA_002171085.1	PR	NHGV01000008.1_11
GCA_002703205.1	PR	PAFD01000007.1_11
GCA_014654245.1	PR	JACWDG010000041.1_3
GCA_905612465.1	PR	CAJQSC010000008.1_6
GCA_905612385.1	PR	CAJQRR010000048.1_1
GCA_902586485.1	PR	CACIHO010000013.1_10
GCA_016777595.1	PR	JADHRE010000025.1_1
GCA_002170125.1	PR	NHGD01000003.1_1
GCA_002171925.1	PR	NHIT01000010.1_1
GCA_011526385.1	PR	WTIW01000102.1_5
GCA_016777565.1	PR	JADHRF010000009.1_1
GCA_902629215.1	PR	CACOQC010000026.1_10
GCA_002689245.1	PR	NZFE01000005.1_1
GCA_902629215.1	PR	CACOQC010000040.1_1
GCA_902536005.1	PR	CACAVT010000006.1_1
GCA_014654245.1	PR	JACWDG010000029.1_1
GCA_902631135.1	PR	CACOXL010000024.1_7
GCA_902574725.1	PR	CACGPA010000051.1_1
GCA_902582315.1	PR	CACHRP010000021.1_1
GCA_902546765.1	PR	CACCLG010000020.1_1
GCA_008638025.1	PR	VTPF01000048.1_1
GCA_001180065.1	PR	CVSM01000149.1_1
