GTDB_accession	Name	SubcladeA	Marker_lineage	Num_genomes	Num_markers	Num_marker_sets	0	1	2	3	4	5+	Est gen size (Mbp)	Est gen size (assembly/completion)	Completion for est gen size	Completeness	Contamination	Strain_heterogeneity	GC	GC_std	Genome_size_bp_assembled	Coding_density	Num_predicted_genes	# Contigs in Assembly	Notes
GCA_902513955.1	AG_319_M14	Ia	o__Rickettsiales (UID3809)	83	324	211	71	252	1	0	0	0	1.4364411237298267	1436441.1237298266	0.83650000000000002	83.65	0.47	0	0.28999999999999998	0.02	1201583	0.96	1291	38	
GCA_902515095.1	AG_325_C18	Ia	o__Rickettsiales (UID3809)	83	324	211	23	301	0	0	0	0	1.1588416358494671	1158841.635849467	0.9194	91.94	0	0	0.28999999999999998	0.02	1065439	0.96	1156	22	
GCA_902515205.1	AG_325_D10	Ia	o__Rickettsiales (UID3809)	83	324	211	66	257	1	0	0	0	1.1576581614819994	1157658.1614819993	0.85829999999999995	85.83	0.47	100	0.28999999999999998	0.03	993618	0.96	1067	42	
GCA_003282985.1	AG_325_E08	Ia	o__Rickettsiales (UID3809)	83	324	211	27	296	1	0	0	0	1.1524106138970094	1152410.6138970093	0.88939999999999997	88.94	0.47	0	0.28999999999999998	0.02	1024954	0.96	1102	34	
GCA_003282825.1	AG_325_J17	Ia	o__Rickettsiales (UID3809)	83	324	211	67	257	0	0	0	0	1.165253813155386	1165253.8131553859	0.83920000000000006	83.92	0	0	0.28999999999999998	0.02	977881	0.96	1055	31	
GCA_902516465.1	AG_325_L02	Ia	o__Rickettsiales (UID3809)	83	324	211	33	291	0	0	0	0	1.196670871559633	1196670.8715596329	0.872	87.2	0	0	0.28999999999999998	0.02	1043497	0.96	1119	20	
GCA_902517615.1	AG_333_A04	Ia	o__Rickettsiales (UID3809)	83	324	211	32	292	0	0	0	0	1.4630216546363133	1463021.6546363132	0.90049999999999997	90.05	0	0	0.28999999999999998	0.03	1317451	0.96	1412	37	
GCA_902518835.1	AG_333_D08	Ia	o__Rickettsiales (UID3809)	83	324	211	31	292	1	0	0	0	1.1336392333709131	1133639.2333709132	0.88700000000000001	88.7	0.47	0	0.28999999999999998	0.02	1005538	0.96	1105	42	
GCA_902521805.1	AG_333_M03	Ia	o__Rickettsiales (UID3809)	83	323	210	42	280	1	0	0	0	1.2011560283687943	1201156.0283687944	0.84599999999999997	84.6	0.48	0	0.28999999999999998	0.02	1016178	0.96	1099	30	
GCA_902524545.1	AG_337_D17	Ia	o__Rickettsiales (UID3809)	83	324	211	45	278	1	0	0	0	1.2246462781304095	1224646.2781304095	0.86650000000000005	86.65	0.47	0	0.28999999999999998	0.02	1061156	0.96	1155	27	
GCA_902525625.1	AG_337_G11	Ia	o__Rickettsiales (UID3809)	83	324	211	28	296	0	0	0	0	1.1489938197983303	1148993.8197983303	0.92230000000000001	92.23	0	0	0.3	0.03	1059717	0.96	1175	34	
GCA_003278805.1	AG_349_L17	Ia	o__Rickettsiales (UID3809)	83	324	211	66	258	0	0	0	0	1.4346124808304825	1434612.4808304824	0.84770000000000001	84.77	0	0	0.28999999999999998	0.02	1216121	0.96	1283	25	
GCA_003281005.1	AG_349_O05	Ia	o__Rickettsiales (UID3809)	83	324	211	46	278	0	0	0	0	1.3099508484493856	1309950.8484493855	0.85450000000000004	85.45	0	0	0.28999999999999998	0.03	1119353	0.97	1209	37	
GCA_902538915.1	AG_349_O13	Ia	o__Rickettsiales (UID3809)	83	324	211	63	260	1	0	0	0	1.1468231877042236	1146823.1877042237	0.82629999999999992	82.63	0.47	0	0.28999999999999998	0.02	947620	0.96	1017	24	
GCA_902540275.1	AG_359_D09	Ia	o__Rickettsiales (UID3809)	83	324	211	23	301	0	0	0	0	1.3105824080121924	1310582.4080121925	0.91859999999999997	91.86	0	0	0.28000000000000003	0.04	1203901	0.97	1281	19	
GCA_902541315.1	AG_359_G18	Ia	o__Rickettsiales (UID3809)	83	323	210	47	276	0	0	0	0	1.162204591492235	1162204.591492235	0.88859999999999995	88.86	0	0	0.28999999999999998	0.02	1032735	0.96	1130	35	
GCA_902541745.1	AG_359_J06	Ia	o__Rickettsiales (UID3809)	83	324	211	46	278	0	0	0	0	1.3027733948294697	1302773.3948294697	0.82389999999999997	82.39	0	0	0.28999999999999998	0.03	1073355	0.96	1197	55	
GCA_902543375.1	AG_359_P18	Ia	o__Rickettsiales (UID3809)	83	324	211	30	294	0	0	0	0	1.1744742041712406	1174474.2041712406	0.91099999999999992	91.1	0	0	0.28999999999999998	0.02	1069946	0.96	1157	20	
GCA_003279775.1	AG_390_A23	Ia	o__Rickettsiales (UID3809)	83	324	211	39	285	0	0	0	0	1.2626178072460339	1262617.8072460338	0.84459999999999991	84.46	0	0	0.28999999999999998	0.03	1066407	0.96	1175	51	
GCA_902555435.1	AG_390_C17	Ia	o__Rickettsiales (UID3809)	83	324	211	16	308	0	0	0	0	1.3871644673318313	1387164.4673318313	0.93209999999999993	93.21	0	0	0.28999999999999998	0.02	1292976	0.96	1373	24	
GCA_902555665.1	AG_390_D05	Ia	o__Rickettsiales (UID3809)	83	324	211	50	273	1	0	0	0	1.1873445322060296	1187344.5322060296	0.89890000000000003	89.89	0.24	0	0.28999999999999998	0.03	1067304	0.97	1163	45	
GCA_003279715.1	AG_390_D18	Ia	o__Rickettsiales (UID3809)	83	324	211	66	258	0	0	0	0	1.4164462521789658	1416446.2521789658	0.86049999999999993	86.05	0	0	0.28999999999999998	0.02	1218852	0.96	1297	33	
GCA_902555945.1	AG_390_E04	Ia	o__Rickettsiales (UID3809)	83	323	210	30	293	0	0	0	0	1.2795811341942731	1279581.134194273	0.89049999999999996	89.05	0	0	0.28999999999999998	0.03	1139467	0.97	1229	26	
GCA_902556265.1	AG_390_E21	Ia	o__Rickettsiales (UID3809)	83	324	211	79	245	0	0	0	0	1.2490345427435388	1249034.5427435387	0.80480000000000007	80.48	0	0	0.28999999999999998	0.02	1005223	0.96	1089	37	
GCA_902556905.1	AG_390_G11	Ia	o__Rickettsiales (UID3809)	83	324	211	45	279	0	0	0	0	1.5251548117154812	1525154.8117154811	0.83650000000000002	83.65	0	0	0.28999999999999998	0.02	1275792	0.97	1365	42	
GCA_902557155.1	AG_390_G23	Ia	o__Rickettsiales (UID3809)	83	324	211	18	305	1	0	0	0	1.3670987189148456	1367098.7189148455	0.92890000000000006	92.89	0.24	0	0.28999999999999998	0.02	1269898	0.96	1358	22	
GCA_902557235.1	AG_390_I17	Ia	o__Rickettsiales (UID3809)	83	324	211	54	270	0	0	0	0	1.2283473594340772	1228347.3594340773	0.81989999999999996	81.99	0	0	0.28999999999999998	0.02	1007122	0.96	1082	34	
GCA_902557385.1	AG_390_I22	Ia	k__Bacteria (UID2495)	2993	139	83	15	124	0	0	0	0	1.1221077858311899	1122107.7858311899	0.85540000000000005	85.54	0	0	0.28999999999999998	0.03	959851	0.97	1048	39	
GCA_003279685.1	AG_390_L03	Ia	o__Rickettsiales (UID3809)	83	324	211	19	305	0	0	0	0	1.4336708726540133	1433670.8726540133	0.94310000000000005	94.31	0	0	0.28999999999999998	0.02	1352095	0.96	1433	19	
GCA_902558545.1	AG_390_L16	Ia	o__Rickettsiales (UID3809)	83	324	211	63	260	1	0	0	0	1.2821915717807253	1282191.5717807254	0.85189999999999999	85.19	0.24	0	0.28999999999999998	0.03	1092299	0.97	1197	56	
GCA_902558705.1	AG_390_M02	Ia	o__Rickettsiales (UID3809)	83	324	211	53	270	1	0	0	0	1.2029820709842665	1202982.0709842665	0.81989999999999996	81.99	0.47	0	0.28999999999999998	0.03	986325	0.96	1085	41	
GCA_902558815.1	AG_390_M07	Ia	k__Bacteria (UID203)	5449	99	53	48	51	0	0	0	0	1.3631209170467153	1363120.9170467153	0.81129999999999991	81.13	0	0	0.28999999999999998	0.02	1105900	0.96	1191	25	
GCA_902558835.1	AG_390_M14	Ia	o__Rickettsiales (UID3809)	83	324	211	24	300	0	0	0	0	1.2049428095502499	1204942.8095502499	0.90049999999999997	90.05	0	0	0.28999999999999998	0.03	1085051	0.96	1177	43	
GCA_003278065.1	AG_390_O04	Ia	o__Rickettsiales (UID3809)	83	323	210	24	299	0	0	0	0	1.1490334855403348	1149033.4855403348	0.91980000000000006	91.98	0	0	0.28999999999999998	0.03	1056881	0.96	1147	31	
GCA_902564245.1	AG_404_O18	Ia	k__Bacteria (UID2495)	2993	139	83	18	121	0	0	0	0	1.1828477127967574	1182847.7127967575	0.86349999999999993	86.35	0	0	0.28000000000000003	0.02	1021389	0.96	1120	38	
GCA_902564565.1	AG_404_P20	Ia	k__Bacteria (UID2495)	2993	139	83	13	126	0	0	0	0	1.2119679450486549	1211967.9450486549	0.87349999999999994	87.35	0	0	0.28999999999999998	0.02	1058654	0.96	1126	34	
GCA_902565935.1	AG_410_K05	Ia	o__Rickettsiales (UID3809)	83	324	211	43	281	0	0	0	0	1.2553405182297639	1255340.518229764	0.87219999999999998	87.22	0	0	0.28999999999999998	0.02	1094908	0.96	1195	34	
GCA_902566365.1	AG_410_L19	Ia	o__Rickettsiales (UID3809)	83	323	210	12	311	0	0	0	0	1.1197717561229807	1119771.7561229807	0.95950000000000002	95.95	0	0	0.28999999999999998	0.02	1074421	0.96	1175	20	
GCA_902566705.1	AG_410_O02	Ia	o__Rickettsiales (UID3809)	83	324	211	38	286	0	0	0	0	1.2327151368049427	1232715.1368049427	0.90639999999999998	90.64	0	0	0.28999999999999998	0.03	1117333	0.96	1241	37	
GCA_902569405.1	AG_414_L04	Ia	k__Bacteria (UID2495)	2993	139	83	2	137	0	0	0	0	1.2275789473684211	1227578.9473684211	0.98799999999999999	98.8	0	0	0.28000000000000003	0.03	1212848	0.96	1278	20	
GCA_902571135.1	AG_422_B22	Ia	o__Rickettsiales (UID3809)	83	324	211	33	290	1	0	0	0	1.3049114295385309	1304911.429538531	0.88629999999999998	88.63	0.47	0	0.28999999999999998	0.02	1156543	0.96	1242	25	
GCA_902571375.1	AG_422_C13	Ia	o__Rickettsiales (UID3809)	83	324	211	41	283	0	0	0	0	1.1747795312137386	1174779.5312137385	0.86180000000000012	86.18	0	0	0.28999999999999998	0.02	1012425	0.96	1125	24	
GCA_902571425.1	AG_422_C20	Ia	o__Rickettsiales (UID3809)	83	324	211	17	307	0	0	0	0	1.3868847418089278	1386884.7418089279	0.94310000000000005	94.31	0	0	0.28999999999999998	0.02	1307971	0.96	1383	22	
GCA_003213615.1	AG_422_D23	Ia	o__Rickettsiales (UID3809)	83	324	211	25	299	0	0	0	0	1.4173294195835178	1417329.4195835178	0.90280000000000005	90.28	0	0	0.28999999999999998	0.04	1279565	0.96	1370	35	
GCA_902571955.1	AG_422_E09	Ia	o__Rickettsiales (UID3809)	83	324	211	76	248	0	0	0	0	1.3761479713603819	1376147.9713603819	0.83799999999999997	83.8	0	0	0.28999999999999998	0.03	1153212	0.96	1229	31	
GCA_902572515.1	AG_422_G03	Ia	o__Rickettsiales (UID3809)	83	324	211	36	288	0	0	0	0	1.329951002734731	1329951.002734731	0.87760000000000005	87.76	0	0	0.28999999999999998	0.02	1167165	0.97	1265	41	
GCA_902573235.1	AG_422_J03	Ia	o__Rickettsiales (UID3809)	83	323	210	70	253	0	0	0	0	1.2372793943695291	1237279.3943695291	0.84540000000000004	84.54	0	0	0.28999999999999998	0.02	1045996	0.96	1122	35	
GCA_902576375.1	AG_426_D09	Ia	o__Rickettsiales (UID3809)	83	323	210	25	296	2	0	0	0	1.2781124454148471	1278112.4454148472	0.91599999999999993	91.6	0.52	0	0.28999999999999998	0.03	1170751	0.96	1244	18	
GCA_003213155.1	AG_426_G02	Ia	o__Rickettsiales (UID3809)	83	324	211	58	266	0	0	0	0	1.1981060518731987	1198106.0518731987	0.86750000000000005	86.75	0	0	0.3	0.03	1039357	0.96	1135	33	
GCA_902577525.1	AG_426_I10	Ia	o__Rickettsiales (UID3809)	83	324	211	26	298	0	0	0	0	1.2608805378003085	1260880.5378003085	0.90739999999999998	90.74	0	0	0.28999999999999998	0.02	1144123	0.96	1249	30	
GCA_902633985.1	AG_426_M05	Ia	o__Rickettsiales (UID3809)	83	324	211	43	281	0	0	0	0	1.4351564881022156	1435156.4881022156	0.85309999999999997	85.31	0	0	0.28999999999999998	0.02	1224332	0.96	1332	40	
GCA_902578775.1	AG_426_P08	Ia	o__Rickettsiales (UID3809)	83	324	211	14	310	0	0	0	0	1.1937461660497091	1193746.1660497091	0.94550000000000001	94.55	0	0	0.28999999999999998	0.04	1128687	0.96	1218	24	
GCA_902579105.1	AG_430_A11	Ia	o__Rickettsiales (UID3809)	83	324	211	25	299	0	0	0	0	1.3417452622300572	1341745.2622300573	0.90760000000000007	90.76	0	0	0.28000000000000003	0.04	1217768	0.96	1304	39	
GCA_902579985.1	AG_430_B09	Ia	o__Rickettsiales (UID3809)	83	324	211	9	313	2	0	0	0	1.2101652634861242	1210165.2634861241	0.96209999999999996	96.21	0.95	0	0.28000000000000003	0.02	1164300	0.96	1243	25	
GCA_003209915.1	AG_430_E20	Ia	o__Rickettsiales (UID3809)	83	324	211	24	300	0	0	0	0	1.3068333333333335	1306833.3333333335	0.90599999999999992	90.6	0	0	0.3	0.02	1183991	0.96	1272	16	
GCA_902582385.1	AG_430_J07	Ia	o__Rickettsiales (UID3809)	83	323	210	55	267	1	0	0	0	1.116323816076138	1116323.8160761381	0.87209999999999999	87.21	0.48	0	0.28999999999999998	0.02	973546	0.96	1065	44	
GCA_902583345.1	AG_430_K07	Ia	k__Bacteria (UID2495)	2993	139	83	19	120	0	0	0	0	1.3974913280475718	1397491.3280475717	0.80720000000000003	80.72	0	0	0.28999999999999998	0.02	1128055	0.96	1218	47	
GCA_902583295.1	AG_430_K19	Ia	o__Rickettsiales (UID3809)	83	324	211	43	281	0	0	0	0	1.2337092583845062	1233709.2583845062	0.84680000000000011	84.68	0	0	0.3	0.02	1044705	0.96	1148	42	
GCA_902583635.1	AG_430_O11	Ia	o__Rickettsiales (UID3809)	83	324	211	60	264	0	0	0	0	1.1991558046047022	1199155.8046047022	0.82090000000000007	82.09	0	0	0.28999999999999998	0.03	984387	0.97	1085	42	
GCA_902588895.1	AG_439_C21	Ia	o__Rickettsiales (UID3809)	83	324	211	67	257	0	0	0	0	1.3914861918604651	1391486.1918604651	0.8256	82.56	0	0	0.28999999999999998	0.04	1148811	0.96	1228	36	
GCA_902589455.1	AG_439_D05	Ia	o__Rickettsiales (UID3809)	83	324	211	32	292	0	0	0	0	1.3277493577571762	1327749.3577571763	0.89529999999999998	89.53	0	0	0.3	0.02	1188734	0.96	1257	21	
GCA_902589765.1	AG_439_I14	Ia	o__Rickettsiales (UID3809)	83	324	211	71	253	0	0	0	0	1.167738066095471	1167738.0660954711	0.81700000000000006	81.7	0	0	0.3	0.03	954042	0.97	1019	51	
GCA_902592265.1	AG_447_B22	Ia	o__Rickettsiales (UID3809)	83	323	210	60	262	1	0	0	0	1.2307103165015705	1230710.3165015704	0.82779999999999998	82.78	0.16	0	0.28999999999999998	0.02	1018782	0.96	1101	31	
GCA_902592325.1	AG_447_C06	Ia	o__Rickettsiales (UID3809)	83	323	210	69	254	0	0	0	0	1.1428696726374306	1142869.6726374305	0.8095	80.95	0	0	0.28999999999999998	0.02	925153	0.97	1036	43	
GCA_902592375.1	AG_447_C08	Ia	o__Rickettsiales (UID3809)	83	324	211	14	309	1	0	0	0	1.3059821989528795	1305982.1989528795	0.95499999999999996	95.5	0.47	0	0.28999999999999998	0.03	1247213	0.97	1334	23	
GCA_902592985.1	AG_447_E07	Ia	k__Bacteria (UID2495)	2993	139	83	17	122	0	0	0	0	1.2920700169395822	1292070.0169395823	0.88549999999999995	88.55	0	0	0.28000000000000003	0.02	1144128	0.96	1212	44	
GCA_902593445.1	AG_447_E19	Ia	o__Rickettsiales (UID3809)	83	324	211	38	286	0	0	0	0	1.3533374971610266	1353337.4971610266	0.88060000000000005	88.06	0	0	0.28999999999999998	0.03	1191749	0.96	1286	50	
GCA_902593845.1	AG_447_F10	Ia	o__Rickettsiales (UID3809)	83	324	211	28	296	0	0	0	0	1.166515852047556	1166515.8520475561	0.90839999999999999	90.84	0	0	0.28999999999999998	0.02	1059663	0.96	1119	24	
GCA_902593405.1	AG_447_G05	Ia	o__Rickettsiales (UID3809)	83	324	211	84	239	1	0	0	0	1.3071293103448276	1307129.3103448276	0.81200000000000006	81.2	0.47	0	0.28999999999999998	0.04	1061389	0.96	1155	42	
GCA_902635515.1	AG_447_I09	Ia	o__Rickettsiales (UID3809)	83	324	211	48	276	0	0	0	0	1.3379174595623216	1337917.4595623217	0.84079999999999999	84.08	0	0	0.28999999999999998	0.03	1124921	0.96	1223	34	
GCA_902594235.1	AG_447_K09	Ia	o__Rickettsiales (UID3809)	83	324	211	25	299	0	0	0	0	1.2942885181550541	1294288.5181550542	0.91709999999999992	91.71	0	0	0.28999999999999998	0.02	1186992	0.97	1276	12	
GCA_902594865.1	AG_447_L07	Ia	o__Rickettsiales (UID3809)	83	324	211	61	263	0	0	0	0	1.3494624674402085	1349462.4674402084	0.84459999999999991	84.46	0	0	0.28999999999999998	0.02	1139756	0.97	1223	39	
GCA_902594915.1	AG_447_L14	Ia	o__Rickettsiales (UID3809)	83	323	210	36	286	1	0	0	0	1.1584871823082847	1158487.1823082848	0.90890000000000004	90.89	0.48	0	0.28999999999999998	0.02	1052949	0.96	1144	28	
GCA_902595535.1	AG_447_M05	Ia	o__Rickettsiales (UID3809)	83	324	211	21	301	2	0	0	0	1.4476755748912369	1447675.5748912368	0.96540000000000004	96.54	0.71	0	0.28999999999999998	0.03	1397586	0.96	1479	32	
GCA_902595125.1	AG_447_N08	Ia	o__Rickettsiales (UID3809)	83	323	210	17	306	0	0	0	0	1.2551940457203614	1255194.0457203614	0.9405	94.05	0	0	0.28999999999999998	0.01	1180510	0.96	1269	21	
GCA_003212275.1	AG_447_N18	Ia	o__Rickettsiales (UID3809)	83	324	211	20	304	0	0	0	0	1.2061244482721498	1206124.4482721498	0.92890000000000006	92.89	0	0	0.28999999999999998	0.03	1120369	0.96	1225	36	
GCA_902595795.1	AG_447_O08	Ia	o__Rickettsiales (UID3809)	83	324	211	53	271	0	0	0	0	1.3446284810896267	1344628.4810896267	0.82230000000000003	82.23	0	0	0.28999999999999998	0.02	1105688	0.96	1206	43	
GCA_902595885.1	AG_447_O14	Ia	o__Rickettsiales (UID3809)	83	324	211	56	268	0	0	0	0	1.3024133116127532	1302413.3116127532	0.85939999999999994	85.94	0	0	0.28999999999999998	0.02	1119294	0.97	1210	39	
GCA_902596045.1	AG_447_O23	Ia	o__Rickettsiales (UID3809)	83	324	211	46	278	0	0	0	0	1.2720590327169274	1272059.0327169274	0.84360000000000002	84.36	0	0	0.28999999999999998	0.02	1073109	0.96	1154	32	
GCA_902596925.1	AG_447_P22	Ia	o__Rickettsiales (UID3809)	83	323	210	16	307	0	0	0	0	1.2033676202721526	1203367.6202721526	0.93330000000000002	93.33	0	0	0.28999999999999998	0.02	1123103	0.96	1200	22	
GCA_902601785.1	AG_457_B14	Ia	o__Rickettsiales (UID3809)	83	324	211	53	270	1	0	0	0	1.2631370644652178	1263137.0644652178	0.8237000000000001	82.37	0.47	0	0.3	0.02	1040446	0.96	1143	33	
GCA_902604525.1	AG_461_B13	Ia	o__Rickettsiales (UID3809)	83	324	211	43	281	0	0	0	0	1.2248492806576845	1224849.2806576844	0.87580000000000002	87.58	0	0	0.3	0.02	1072723	0.96	1164	37	
GCA_902606105.1	AG_461_M14	Ia	o__Rickettsiales (UID3809)	83	324	211	84	239	1	0	0	0	1.291167728237792	1291167.7282377919	0.80069999999999997	80.069999999999993	0.47	0	0.3	0.02	1033838	0.96	1131	49	
GCA_902608385.1	AG_464_P13	Ia	k__Bacteria (UID2495)	2993	139	83	32	107	0	0	0	0	1.468706424302789	1468706.4243027889	0.80319999999999991	80.319999999999993	0	0	0.28000000000000003	0.02	1179665	0.96	1260	37	
GCA_902608975.1	AG_470_D16	Ia	k__Bacteria (UID2495)	2993	139	83	25	114	0	0	0	0	1.1262505607895918	1126250.5607895919	0.89159999999999995	89.16	0	0	0.28999999999999998	0.03	1004165	0.96	1068	35	
GCA_902611405.1	AG_891_A05	Ia	o__Rickettsiales (UID3809)	83	324	211	28	295	1	0	0	0	1.356711244845648	1356711.2448456481	0.89729999999999999	89.73	0.24	0	0.28999999999999998	0.04	1217377	0.97	1309	39	
GCA_902613755.1	AG_891_I18	Ia	o__Rickettsiales (UID3809)	83	324	211	5	319	0	0	0	0	1.4151490320598179	1415149.0320598178	0.97629999999999995	97.63	0	0	0.28999999999999998	0.03	1381610	0.97	1470	19	
GCA_902613855.1	AG_891_J07	Ia	o__Rickettsiales (UID3809)	83	324	211	6	318	0	0	0	0	1.2410007169927277	1241000.7169927277	0.97629999999999995	97.63	0	0	0.28999999999999998	0.02	1211589	0.97	1295	21	
GCA_902614355.1	AG_891_L02	Ia	o__Rickettsiales (UID3809)	83	324	211	56	267	1	0	0	0	1.0877503076406756	1087750.3076406757	0.89390000000000003	89.39	0.04	0	0.3	0.03	972340	0.96	1034	26	
GCA_902615975.1	AG_892_A22	Ia	o__Rickettsiales (UID3809)	83	324	211	25	299	0	0	0	0	1.3025537018863811	1302553.701886381	0.91709999999999992	91.71	0	0	0.28999999999999998	0.02	1194572	0.96	1265	19	
GCA_902616645.1	AG_892_C18	Ia	o__Rickettsiales (UID3809)	83	324	211	54	270	0	0	0	0	1.1485384445426425	1148538.4445426424	0.9052	90.52	0	0	0.28999999999999998	0.03	1039657	0.96	1125	26	
GCA_902618485.1	AG_892_K05	Ia	o__Rickettsiales (UID3809)	83	324	211	10	314	0	0	0	0	1.0819558195269354	1081955.8195269355	0.9597	95.97	0	0	0.3	0.03	1038353	0.96	1113	23	
GCA_902618855.1	AG_892_L05	Ia	k__Bacteria (UID2495)	2993	139	83	14	125	0	0	0	0	1.1573930324994153	1157393.0324994153	0.85540000000000005	85.54	0	0	0.28999999999999998	0.02	990034	0.97	1071	34	
GCA_902621345.1	AG_893_F11	Ia	o__Rickettsiales (UID3809)	83	324	211	0	323	1	0	0	0	1.190016	1190016	1	100	0.47	0	0.3	0.01	1190016	0.96	1256	4	
GCA_902622795.1	AG_893_L06	Ia	o__Rickettsiales (UID3809)	83	324	211	43	281	0	0	0	0	1.2020189125295511	1202018.912529551	0.84599999999999997	84.6	0	0	0.28999999999999998	0.01	1016908	0.96	1088	19	
GCA_902623975.1	AG_893_P10	Ia	o__Rickettsiales (UID3809)	83	323	210	30	293	0	0	0	0	1.163130287648054	1163130.2876480541	0.88650000000000007	88.65	0	0	0.28999999999999998	0.02	1031115	0.96	1085	32	
GCA_902518155.1	AG_894_B07	Ia	o__Rickettsiales (UID3809)	83	324	211	20	303	1	0	0	0	1.2106115754946565	1210611.5754946566	0.94510000000000005	94.51	0.47	0	0.28999999999999998	0.03	1144149	0.96	1217	30	
GCA_902518185.1	AG_894_B13	Ia	o__Rickettsiales (UID3809)	83	323	210	60	263	0	0	0	0	1.2202444958034302	1220244.4958034302	0.82209999999999994	82.21	0	0	0.28999999999999998	0.02	1003163	0.96	1081	29	
GCA_902519945.1	AG_894_I19	Ia	o__Rickettsiales (UID3809)	83	324	211	65	256	3	0	0	0	1.1530036588154586	1153003.6588154586	0.87459999999999993	87.46	0.32	0	0.28999999999999998	0.02	1008417	0.96	1078	36	
GCA_902520335.1	AG_894_K14	Ia	o__Rickettsiales (UID3809)	83	323	210	44	279	0	0	0	0	1.2276504764118057	1227650.4764118057	0.86060000000000003	86.06	0	0	0.28999999999999998	0.03	1056516	0.96	1136	27	
GCA_902521615.1	AG_894_O09	Ia	o__Rickettsiales (UID3809)	83	324	211	27	297	0	0	0	0	1.3345595623534667	1334559.5623534666	0.89569999999999994	89.57	0	0	0.28999999999999998	0.03	1195365	0.96	1272	31	
GCA_902522115.1	AG_894_P23	Ia	o__Rickettsiales (UID3809)	83	324	211	38	286	0	0	0	0	1.3731550243676025	1373155.0243676025	0.86180000000000012	86.18	0	0	0.28999999999999998	0.04	1183385	0.97	1271	42	
GCA_902523515.1	AG_895_F17	Ia	o__Rickettsiales (UID3809)	83	324	211	19	305	0	0	0	0	1.2884736503856042	1288473.6503856042	0.93359999999999999	93.36	0	0	0.28999999999999998	0.03	1202919	0.97	1284	23	
GCA_902524345.1	AG_895_J19	Ia	o__Rickettsiales (UID3809)	83	324	211	15	309	0	0	0	0	1.1445890916763373	1144589.0916763372	0.94790000000000008	94.79	0	0	0.3	0.02	1084956	0.96	1153	16	
GCA_902524535.1	AG_895_K10	Ia	o__Rickettsiales (UID3809)	83	323	210	18	305	0	0	0	0	1.1890431801135755	1189043.1801135754	0.93330000000000002	93.33	0	0	0.28999999999999998	0.02	1109734	0.96	1175	7	
GCA_902526645.1	AG_896_C18	Ia	o__Rickettsiales (UID3809)	83	324	211	49	273	2	0	0	0	1.1673721682847897	1167372.1682847897	0.92700000000000005	92.7	0.95	0	0.28999999999999998	0.02	1082154	0.96	1177	35	
GCA_902529645.1	AG_896_O18	Ia	o__Rickettsiales (UID3809)	83	324	211	44	280	0	0	0	0	1.4405684984951512	1440568.4984951513	0.8970999999999999	89.71	0	0	0.28999999999999998	0.02	1292334	0.96	1360	33	
GCA_902531765.1	AG_897_G15	Ia	o__Rickettsiales (UID3809)	83	324	211	26	298	0	0	0	0	1.1607432730480811	1160743.2730480812	0.90680000000000005	90.68	0	0	0.28999999999999998	0.03	1052562	0.96	1138	25	
GCA_902533445.1	AG_898_C07	Ia	o__Rickettsiales (UID3809)	83	324	211	36	288	0	0	0	0	1.3038840979648154	1303884.0979648153	0.86970000000000003	86.97	0	0	0.28999999999999998	0.03	1133988	0.96	1214	26	
GCA_902538495.1	AG_899_G02	Ia	o__Rickettsiales (UID3809)	83	324	211	54	270	0	0	0	0	1.169357454017425	1169357.454017425	0.82640000000000002	82.64	0	0	0.28999999999999998	0.02	966357	0.96	1050	26	
GCA_902539165.1	AG_899_J02	Ia	o__Rickettsiales (UID3809)	83	324	211	35	288	1	0	0	0	1.3268101933216165	1326810.1933216166	0.9104000000000001	91.04	0.47	0	0.3	0.02	1207928	0.96	1308	26	
GCA_902539445.1	AG_899_J23	Ia	o__Rickettsiales (UID3809)	83	324	211	45	278	1	0	0	0	1.1807859281437127	1180785.9281437127	0.93519999999999992	93.52	0.47	0	0.28999999999999998	0.02	1104271	0.96	1169	24	
GCA_902540235.1	AG_899_M07	Ia	o__Rickettsiales (UID3809)	83	323	210	21	300	2	0	0	0	1.2509527389903332	1250952.7389903332	0.93099999999999994	93.1	0.32	0	0.3	0.04	1164637	0.97	1247	22	
GCA_902540595.1	AG_899_N21	Ia	o__Rickettsiales (UID3809)	83	324	211	44	279	1	0	0	0	1.4177053225237928	1417705.3225237927	0.85109999999999997	85.11	0.16	0	0.3	0.03	1206609	0.96	1319	37	
GCA_902544135.1	AG_900_K21	Ia	o__Rickettsiales (UID3809)	83	324	211	15	309	0	0	0	0	1.1909036649214659	1190903.664921466	0.95499999999999996	95.5	0	0	0.28999999999999998	0.02	1137313	0.96	1206	22	
GCA_902552805.1	AG_903_O08	Ia	o__Rickettsiales (UID3809)	83	324	211	45	279	0	0	0	0	1.2571972805063885	1257197.2805063885	0.85309999999999997	85.31	0	0	0.28999999999999998	0.03	1072515	0.96	1125	22	
GCA_902557215.1	AG_905_A07	Ia	o__Rickettsiales (UID3809)	83	323	210	30	293	0	0	0	0	1.2182827623708536	1218282.7623708537	0.91949999999999998	91.95	0	0	0.28999999999999998	0.02	1120211	0.96	1193	24	
GCA_902560185.1	AG_905_M18	Ia	o__Rickettsiales (UID3809)	83	323	210	74	249	0	0	0	0	1.1289226346706662	1128922.6346706662	0.80010000000000003	80.010000000000005	0	0	0.3	0.02	903251	0.96	1009	44	
GCA_902560805.1	AG_905_P05	Ia	o__Rickettsiales (UID3809)	83	324	211	83	241	0	0	0	0	1.4482869097429765	1448286.9097429765	0.83650000000000002	83.65	0	0	0.28999999999999998	0.02	1211492	0.96	1267	27	
GCA_902561095.1	AG_907_A11	Ia	o__Rickettsiales (UID3809)	83	324	211	83	241	0	0	0	0	1.2062430254184748	1206243.0254184748	0.80650000000000011	80.650000000000006	0	0	0.3	0.02	972835	0.96	1032	38	
GCA_902570425.1	AG_909_E04	Ia	o__Rickettsiales (UID3809)	83	324	211	65	259	0	0	0	0	1.1291198433100746	1129119.8433100746	0.81689999999999996	81.69	0	0	0.28999999999999998	0.02	922378	0.97	1005	23	
GCA_902571015.1	AG_909_G08	Ia	o__Rickettsiales (UID3809)	83	324	211	39	284	1	0	0	0	1.2186828366325866	1218682.8366325865	0.9194	91.94	0.47	0	0.28999999999999998	0.02	1120457	0.96	1212	22	
GCA_902573465.1	AG_910_B05	Ia	o__Rickettsiales (UID3809)	83	324	211	52	272	0	0	0	0	1.163115141109561	1163115.1411095611	0.93189999999999995	93.19	0	0	0.28999999999999998	0.03	1083907	0.96	1162	29	
GCA_902578255.1	AG_911_D18	Ia	o__Rickettsiales (UID3809)	83	324	211	42	282	0	0	0	0	1.1765516437397996	1176551.6437397995	0.85780000000000001	85.78	0	0	0.3	0.01	1009246	0.96	1103	31	
GCA_902580895.1	AG_911_G06	Ia	o__Rickettsiales (UID3809)	83	323	210	28	295	0	0	0	0	1.0832138069705095	1083213.8069705095	0.8952	89.52	0	0	0.3	0.03	969693	0.96	1053	23	
GCA_902581605.1	AG_911_G16	Ia	o__Rickettsiales (UID3809)	83	324	211	78	246	0	0	0	0	1.4318340557275542	1431834.0557275543	0.8075	80.75	0	0	0.28999999999999998	0.02	1156206	0.96	1237	36	
GCA_902580335.1	AG_911_P04	Ia	o__Rickettsiales (UID3809)	83	324	211	70	254	0	0	0	0	1.2436516575952499	1243651.6575952498	0.80840000000000001	80.84	0	0	0.28999999999999998	0.02	1005368	0.96	1076	26	
GCA_902586125.1	AG_913_B21	Ia	o__Rickettsiales (UID3809)	83	324	211	36	287	1	0	0	0	1.119153687585891	1119153.687585891	0.87319999999999998	87.32	0.47	0	0.3	0.02	977245	0.96	1055	38	
GCA_902586485.1	AG_913_E07	Ia	o__Rickettsiales (UID3809)	83	324	211	81	243	0	0	0	0	1.3168799309664694	1316879.9309664695	0.81120000000000003	81.12	0	0	0.28999999999999998	0.04	1068253	0.96	1136	31	
GCA_902586495.1	AG_913_E11	Ia	o__Rickettsiales (UID3809)	83	324	211	53	271	0	0	0	0	1.2901694499017682	1290169.4499017682	0.81440000000000001	81.44	0	0	0.3	0.02	1050714	0.96	1129	30	
GCA_902587755.1	AG_913_L03	Ia	o__Rickettsiales (UID3809)	83	324	211	9	315	0	0	0	0	1.3369119634133666	1336911.9634133666	0.96209999999999996	96.21	0	0	0.28999999999999998	0.03	1286243	0.96	1366	22	
GCA_902589725.1	AG_914_B14	Ia	o__Rickettsiales (UID3809)	83	324	211	40	283	1	0	0	0	1.336789958902588	1336789.9589025881	0.90029999999999999	90.03	0.04	0	0.28999999999999998	0.03	1203512	0.97	1291	39	
GCA_902590915.1	AG_914_G22	Ia	o__Rickettsiales (UID3809)	83	324	211	33	290	1	0	0	0	1.1297334348819499	1129733.4348819498	0.91909999999999992	91.91	0.47	0	0.3	0.02	1038338	0.96	1147	37	
GCA_902591025.1	AG_914_L04	Ia	o__Rickettsiales (UID3809)	83	324	211	19	304	1	0	0	0	1.1799643820831085	1179964.3820831084	0.9265000000000001	92.65	0.47	0	0.28999999999999998	0.03	1093237	0.97	1184	49	
GCA_902592675.1	AG_915_C08	Ia	o__Rickettsiales (UID3809)	83	324	211	88	236	0	0	0	0	1.2316129825424145	1231612.9825424145	0.81340000000000001	81.34	0	0	0.28999999999999998	0.01	1001794	0.97	1093	28	
GCA_902594255.1	AG_915_J15	Ia	o__Rickettsiales (UID3809)	83	324	211	88	236	0	0	0	0	1.2701567164179104	1270156.7164179103	0.80400000000000005	80.400000000000006	0	0	0.3	0.02	1021206	0.96	1092	36	
GCA_902635685.1	AG_915_K17	Ia	o__Rickettsiales (UID3809)	83	323	210	48	274	1	0	0	0	1.2217243502894446	1221724.3502894447	0.81189999999999996	81.19	0.48	0	0.28999999999999998	0.02	991918	0.96	1068	33	
GCA_902596515.1	AG_916_A16	Ia	o__Rickettsiales (UID3809)	83	324	211	18	306	0	0	0	0	1.2044138959931798	1204413.8959931799	0.93840000000000001	93.84	0	0	0.28999999999999998	0.02	1130222	0.96	1200	27	
GCA_902599335.1	AG_916_N14	Ia	o__Rickettsiales (UID3809)	83	324	211	31	292	1	0	0	0	1.3688726491133798	1368872.6491133799	0.93049999999999999	93.05	0.47	0	0.28999999999999998	0.02	1273736	0.96	1372	23	
GCA_902599995.1	AG_916_P21	Ia	o__Rickettsiales (UID3809)	83	324	211	52	271	1	0	0	0	1.1717545162088594	1171754.5162088594	0.80819999999999992	80.819999999999993	0.47	0	0.3	0.02	947012	0.96	1014	23	
GCA_902609685.1	AG_917_K06	Ia	o__Rickettsiales (UID3809)	83	323	210	4	319	0	0	0	0	1.2058215914850481	1205821.5914850482	0.98650000000000004	98.65	0	0	0.28999999999999998	0.03	1189543	0.96	1270	20	
GCA_902612325.1	AG_918_G06	Ia	o__Rickettsiales (UID3809)	83	324	211	21	298	5	0	0	0	1.256111283804787	1256111.2838047871	0.96510000000000007	96.51	1.42	100	0.28999999999999998	0.02	1212273	0.96	1281	13	
GCA_902615445.1	AG_919_F03	Ia	o__Rickettsiales (UID3809)	83	323	210	39	284	0	0	0	0	1.2096394933419941	1209639.493341994	0.92370000000000008	92.37	0	0	0.28999999999999998	0.02	1117344	0.96	1189	29	
GCA_902616725.1	AG_919_L02	Ia	o__Rickettsiales (UID3809)	83	324	211	18	306	0	0	0	0	1.2173074468085108	1217307.4468085107	0.94	94	0	0	0.3	0.02	1144269	0.96	1216	16	
GCA_902617625.1	AG_919_O02	Ia	o__Rickettsiales (UID3809)	83	324	211	27	296	1	0	0	0	1.1334578819367676	1133457.8819367676	0.90459999999999996	90.46	0.16	0	0.3	0.02	1025326	0.96	1114	27	
GCA_902618695.1	AG_920_D05	Ia	o__Rickettsiales (UID3809)	83	324	211	25	298	1	0	0	0	1.2704727423192304	1270472.7423192305	0.9667	96.67	0.16	0	0.28999999999999998	0.03	1228166	0.96	1324	35	
GCA_902620465.1	AG_920_L03	Ia	o__Rickettsiales (UID3809)	83	324	211	73	250	1	0	0	0	1.1390124617916764	1139012.4617916765	0.85060000000000002	85.06	0.16	0	0.3	0.02	968844	0.96	1046	13	
GCA_902623075.1	AH_287_B07	Ia	o__Rickettsiales (UID3809)	83	324	211	31	292	1	0	0	0	1.3800423147301009	1380042.3147301008	0.87439999999999996	87.44	0.47	100	0.28999999999999998	0.04	1206709	0.96	1287	31	
GCA_902624075.1	AH_287_E08	Ia	o__Rickettsiales (UID3809)	83	324	211	52	271	1	0	0	0	1.2463461773700306	1246346.1773700307	0.8175	81.75	0.24	0	0.28000000000000003	0.03	1018888	0.96	1100	34	
GCA_902624045.1	AH_287_E09	Ia	o__Rickettsiales (UID3809)	83	324	211	41	282	1	0	0	0	1.331179196107958	1331179.196107958	0.86329999999999996	86.33	0.24	0	0.28999999999999998	0.03	1149207	0.96	1248	53	
GCA_902624315.1	AH_287_G05	Ia	o__Rickettsiales (UID3809)	83	324	211	49	275	0	0	0	0	1.2317523975588491	1231752.3975588491	0.91760000000000008	91.76	0	0	0.3	0.03	1130256	0.96	1187	27	
GCA_902625035.1	AH_287_J18	Ia	o__Rickettsiales (UID3809)	83	324	211	39	285	0	0	0	0	1.1880306698950767	1188030.6698950767	0.86730000000000007	86.73	0	0	0.28999999999999998	0.02	1030379	0.96	1115	26	
GCA_902626645.1	AH_321_D17	Ia	o__Rickettsiales (UID3809)	83	324	211	20	304	0	0	0	0	1.1848755680588616	1184875.5680588617	0.92420000000000002	92.42	0	0	0.3	0.02	1095062	0.96	1169	26	
GCA_902627045.1	AH_321_G15	Ia	o__Rickettsiales (UID3809)	83	324	211	84	240	0	0	0	0	1.1082851941747571	1108285.1941747572	0.82400000000000007	82.4	0	0	0.3	0.02	913227	0.96	972	33	
GCA_902627565.1	AH_321_K15	Ia	o__Rickettsiales (UID3809)	83	324	211	32	292	0	0	0	0	1.1811598173515983	1181159.8173515983	0.87599999999999989	87.6	0	0	0.28999999999999998	0.04	1034696	0.96	1117	31	
GCA_902627735.1	AH_321_L23	Ia	o__Rickettsiales (UID3809)	83	324	211	69	255	0	0	0	0	1.2074722189729794	1207472.2189729793	0.85489999999999999	85.49	0	0	0.28000000000000003	0.03	1032268	0.96	1110	38	
GCA_902627805.1	AH_321_M13	Ia	o__Rickettsiales (UID3809)	83	324	211	15	309	0	0	0	0	1.2119714407502131	1211971.4407502131	0.93840000000000001	93.84	0	0	0.3	0.03	1137314	0.96	1234	24	
GCA_902627935.1	AH_321_N11	Ia	o__Rickettsiales (UID3809)	83	323	210	30	293	0	0	0	0	1.1767870443516535	1176787.0443516534	0.8861	88.61	0	0	0.28999999999999998	0.01	1042751	0.96	1134	14	
GCA_902628195.1	AH_321_P04	Ia	o__Rickettsiales (UID3809)	83	324	211	22	302	0	0	0	0	1.1115708396615316	1111570.8396615316	0.92180000000000006	92.18	0	0	0.28000000000000003	0.03	1024646	0.97	1092	43	
GCA_902628275.1	AH_321_P10	Ia	o__Rickettsiales (UID3809)	83	324	211	53	270	1	0	0	0	1.4087907608695651	1408790.7608695652	0.80959999999999999	80.959999999999994	0.47	0	0.28999999999999998	0.02	1140557	0.96	1222	20	
GCA_902628965.1	AH_324_F03	Ia	o__Rickettsiales (UID3809)	83	324	211	27	297	0	0	0	0	1.3042294098746918	1304229.4098746919	0.93370000000000009	93.37	0	0	0.28999999999999998	0.03	1217759	0.96	1299	29	
GCA_902629215.1	AH_324_I20	Ia	o__Rickettsiales (UID3809)	83	324	211	53	271	0	0	0	0	1.3071051332675221	1307105.1332675221	0.81040000000000001	81.040000000000006	0	0	0.28000000000000003	0.03	1059278	0.96	1168	47	
GCA_902629285.1	AH_324_J07	Ia	o__Rickettsiales (UID3809)	83	324	211	26	298	0	0	0	0	1.4625231662386962	1462523.1662386961	0.89569999999999994	89.57	0	0	0.28999999999999998	0.03	1309982	0.96	1385	36	
GCA_902629575.1	AH_324_K07	Ia	o__Rickettsiales (UID3809)	83	323	210	51	272	0	0	0	0	1.177083749306711	1177083.7493067109	0.90150000000000008	90.15	0	0	0.28999999999999998	0.03	1061141	0.96	1132	27	
GCA_902629585.1	AH_324_K11	Ia	o__Rickettsiales (UID3809)	83	324	211	61	263	0	0	0	0	1.2330375072129254	1233037.5072129255	0.86650000000000005	86.65	0	0	0.28999999999999998	0.02	1068427	0.96	1164	39	
GCA_902629935.1	AH_324_N03	Ia	o__Rickettsiales (UID3809)	83	324	211	34	288	2	0	0	0	1.2867515787220378	1286751.5787220378	0.93430000000000002	93.43	0.32	0	0.3	0.03	1202212	0.96	1328	37	
GCA_001438335.1	BACL5_MAG_120820_bin39	Ia	o__Rickettsiales (UID3809)	83	324	211	15	297	12	0	0	0	1.2084032731850609	1208403.2731850608	0.95319999999999994	95.32	4.2699999999999996	66.67	0.28999999999999998	0.03	1151850	0.96	1403	228	
GCA_009693705.1	Baikal_deep_G37	Ia	o__Rickettsiales (UID3809)	83	324	211	10	312	2	0	0	0	1.3303571428571428	1330357.1428571427	0.97160000000000002	97.16	0.95	0	0.28999999999999998	0.03	1292575	0.95	1397	49	
GCA_013204495.1	bin_341	Ia	o__Rickettsiales (UID3809)	83	324	211	32	277	15	0	0	0	1.3950683682771192	1395068.3682771192	0.87760000000000005	87.76	2.42	6.67	0.3	0.02	1224312	0.95	1449	197	
GCA_008638165.1	CP_40	Ia	o__Rickettsiales (UID3809)	83	323	210	50	269	4	0	0	0	1.1234593803366675	1123459.3803366674	0.81980000000000008	81.98	1.1100000000000001	50	0.3	0.02	921012	0.97	1036	83	
GCF_007833635.1	FZCC0015	Ia	o__Rickettsiales (UID3809)	83	324	211	0	324	0	0	0	0	1.364101	1364101	1	100	0	0	0.28999999999999998	0	1364101	0.96	1434	1	
GCF_000504225.1	HIMB083	Ia	o__Rickettsiales (UID3809)	83	324	211	1	323	0	0	0	0	1.4025891690947454	1402589.1690947453	0.99529999999999996	99.53	0	0	0.28999999999999998	0	1395997	0.96	1466	1	
searched from delmont et al	HIMB122	Ia	o__Rickettsiales (UID3809)	83	324	211	0	322	2	0	0	0	1.4535149999999999	1453515	1	100	0.95	0	0.28999999999999998	0	1453515	0.97	1517	1	
GCF_900177485.1	HIMB1321	Ia	o__Rickettsiales (UID3809)	83	323	210	0	320	3	0	0	0	1.320749	1320749	1	100	0.95	0	0.28999999999999998	0	1320749	0.96	1391	1	
searched from delmont et al	HIMB140	Ia	o__Rickettsiales (UID3809)	83	324	211	1	323	0	0	0	0	1.4447201848688838	1444720.1848688838	0.99529999999999996	99.53	0	0	0.28999999999999998	0	1437930	0.97	1507	1	
searched from delmont et al	HIMB4	Ia	o__Rickettsiales (UID3809)	83	323	210	0	317	5	1	0	0	1.3822909999999999	1382291	1	100	2.2999999999999998	12.5	0.28999999999999998	0	1382291	0.96	1457	1	
GCF_000299095.1	HIMB5	Ia	o__Rickettsiales (UID3809)	83	323	210	0	322	1	0	0	0	1.343202	1343202	1	100	0.48	0	0.28999999999999998	0	1343202	0.96	1433	1	
GCF_000153525.1	HTCC1002	Ia	o__Rickettsiales (UID3809)	83	324	211	0	323	1	0	0	0	1.327604	1327604	1	100	0.47	0	0.3	0.08	1327604	0.96	1378	5	
GCF_000472585.1	HTCC1013	Ia	o__Rickettsiales (UID3809)	83	324	211	0	323	1	0	0	0	1.3027040000000001	1302704	1	100	0.47	0	0.3	0.04	1302704	0.96	1370	22	
GCF_000372905.1	HTCC1016	Ia	o__Rickettsiales (UID3809)	83	324	211	0	323	1	0	0	0	1.2970980000000001	1297098	1	100	0.47	0	0.3	0.04	1297098	0.95	1355	4	
GCF_000384455.1	HTCC1040	Ia	o__Rickettsiales (UID3809)	83	324	211	0	323	1	0	0	0	1.274624	1274624	1	100	0.47	0	0.3	0	1274624	0.96	1342	1	
GCF_000012345.1	HTCC1062	Ia	o__Rickettsiales (UID3809)	83	324	211	0	323	1	0	0	0	1.308759	1308759	1	100	0.47	0	0.3	0	1308759	0.96	1352	1	
GCF_000155895.1	HTCC7211	Ia	o__Rickettsiales (UID3809)	83	324	211	0	323	1	0	0	0	1.456888	1456888	1	100	0.47	0	0.28999999999999998	0	1456888	0.96	1544	1	
GCF_000701385.1	HTCC7214	Ia	o__Rickettsiales (UID3809)	83	324	211	2	321	1	0	0	0	1.3882483594144372	1388248.3594144373	0.99049999999999994	99.05	0.47	0	0.28999999999999998	0	1375060	0.96	1431	1	
GCF_000702645.1	HTCC7217	Ia	o__Rickettsiales (UID3809)	83	324	211	0	322	2	0	0	0	1.433611	1433611	1	100	0.95	0	0.28999999999999998	0	1433611	0.96	1499	1	
GCF_000472605.1	HTCC8051	Ia	o__Rickettsiales (UID3809)	83	324	211	1	323	0	0	0	0	1.3983740978348034	1398374.0978348034	0.99760000000000004	99.76	0	0	0.28999999999999998	0	1395018	0.96	1463	1	
GCF_000472565.1	HTCC9022	Ia	o__Rickettsiales (UID3809)	83	324	211	0	324	0	0	0	0	1.3609640000000001	1360964	1	100	0	0	0.3	0.05	1360964	0.96	1413	10	
GCF_012932795.1	HTCC9565	Ia	o__Rickettsiales (UID3809)	83	324	211	2	322	0	0	0	0	1.291947501261989	1291947.5012619889	0.99049999999999994	99.05	0	0	0.28999999999999998	0.02	1279674	0.96	1360	3	
GCF_012276695.1	NP1	Ia	o__Rickettsiales (UID3809)	83	324	211	2	320	2	0	0	0	1.3788036345280161	1378803.6345280162	0.99049999999999994	99.05	0.63	0	0.3	0	1365705	0.96	1467	1	
GCF_002101315.1	RS39	Ia	o__Rickettsiales (UID3809)	83	324	211	0	324	0	0	0	0	1.2000900000000001	1200090	1	100	0	0	0.28999999999999998	0	1200090	0.97	1269	1	
GCA_014654455.1	SAG_MED01	Ia	o__Rickettsiales (UID3809)	83	324	211	19	305	0	0	0	0	1.2547974207415369	1254797.4207415369	0.93049999999999999	93.05	0	0	0.28000000000000003	0.02	1167589	0.96	1273	19	
GCA_014654265.1	SAG_MED11	Ia	o__Rickettsiales (UID3809)	83	324	211	19	304	1	0	0	0	1.1803571428571429	1180357.142857143	0.93519999999999992	93.52	0.47	0	0.28999999999999998	0.03	1103870	0.96	1227	27	
GCA_014654165.1	SAG_MED13	Ia	o__Rickettsiales (UID3809)	83	323	210	32	289	2	0	0	0	1.1283646470261255	1128364.6470261256	0.89950000000000008	89.95	0.28000000000000003	0	0.28999999999999998	0.03	1014964	0.96	1150	49	
GCA_014654035.1	SAG_MED19	Ia	o__Rickettsiales (UID3809)	83	323	210	40	281	2	0	0	0	1.2107866108786611	1210786.610878661	0.83650000000000002	83.65	0.52	0	0.28000000000000003	0.03	1012823	0.96	1138	50	
GCA_014653985.1	SAG_MED22	Ia	o__Rickettsiales (UID3809)	83	324	211	5	317	2	0	0	0	1.2085633116883117	1208563.3116883116	0.98560000000000003	98.56	0.52	0	0.28999999999999998	0.03	1191160	0.96	1288	26	
GCA_014653605.1	SAG_MED37	Ia	o__Rickettsiales (UID3809)	83	323	210	58	263	2	0	0	0	1.2011696768644797	1201169.6768644797	0.81389999999999996	81.39	0.28000000000000003	0	0.28999999999999998	0.03	977632	0.96	1107	56	
GCA_014653355.1	SAG_MED47	Ia	o__Rickettsiales (UID3809)	83	324	211	37	286	1	0	0	0	1.2950950091575091	1295095.0091575091	0.87360000000000004	87.36	0.16	0	0.28999999999999998	0.03	1131395	0.96	1243	43	
GCA_014653375.1	SAG_MED48	Ia	o__Rickettsiales (UID3809)	83	324	211	67	257	0	0	0	0	1.276957297490187	1276957.297490187	0.84069999999999989	84.07	0	0	0.28999999999999998	0.03	1073538	0.96	1156	67	
GCA_014653365.1	SAG_MED49	Ia	o__Rickettsiales (UID3809)	83	324	211	39	283	2	0	0	0	1.3660372060372061	1366037.2060372061	0.85470000000000002	85.47	0.95	0	0.28999999999999998	0.03	1167552	0.96	1270	38	
GCA_014653385.1	SAG_MED50	Ia	o__Rickettsiales (UID3809)	83	324	211	27	294	3	0	0	0	1.4021963190184048	1402196.3190184047	0.89650000000000007	89.65	0.24	0	0.28999999999999998	0.02	1257069	0.96	1378	54	
GCF_001179925.1	SCGCAAA795_D22	Ia	o__Rickettsiales (UID3809)	83	323	210	40	279	3	1	0	0	1.1764128536500174	1176412.8536500174	0.8589	85.89	1.43	16.670000000000002	0.28999999999999998	0.03	1010421	0.97	1125	68	
SFB	SFB_27D_13Oct24_20_ms_bin_12_orig	Ia	o__Rickettsiales (UID3809)	83	323	210	109	201	13	0	0	0	0.97023666666666675	970236.66666666674	0.6	60	4.29	30.77	0.28999999999999998	0.02	582142	0.97	654	55	
SFB	SFB_27D_13Oct24_20_ms_bin_5_orig	Ia	o__Rickettsiales (UID3809)	83	324	211	60	260	3	1	0	0	1.208556424320224	1208556.424320224	0.8569	85.69	2.37	16.670000000000002	0.3	0.01	1035612	0.97	1160	74	
SFB	SFB_34D_13Oct24_05_ms_bin_2_strict	Ia	o__Rickettsiales (UID3809)	83	323	210	78	243	2	0	0	0	0.99968983661035726	999689.83661035728	0.72219999999999995	72.22	0.2	0	0.28999999999999998	0.02	721976	0.97	847	77	
SFB	SFB_34D_13Oct24_05_ms_bin_3_strict	Ia	o__Rickettsiales (UID3809)	83	324	211	127	193	4	0	0	0	1.478443479659109	1478443.4796591091	0.62190000000000001	62.19	1.9	25	0.28999999999999998	0.02	919444	0.96	1122	151	
SFB	SFB_34D_13Oct24_10_ms_bin_10_orig	Ia	o__Rickettsiales (UID3809)	83	324	211	153	159	12	0	0	0	1.4669696434874691	1466969.6434874691	0.56659999999999999	56.66	5.45	41.67	0.3	0.02	831185	0.96	964	126	Removed for contamination
GCA_902514805.1	AG_325_B10	Ib	k__Bacteria (UID2495)	2993	139	83	30	109	0	0	0	0	1.0951244385091659	1095124.4385091658	0.8237000000000001	82.37	0	0	0.3	0.02	902054	0.96	960	33	
GCA_902515185.1	AG_325_C21	Ib	k__Bacteria (UID2495)	2993	139	83	28	111	0	0	0	0	1.2867961767626614	1286796.1767626614	0.80559999999999998	80.56	0	0	0.28999999999999998	0.02	1036643	0.97	1141	45	
GCA_902515985.1	AG_325_G21	Ib	k__Bacteria (UID2495)	2993	139	83	15	124	0	0	0	0	1.1747889750215332	1174788.9750215332	0.92879999999999996	92.88	0	0	0.28999999999999998	0.02	1091144	0.96	1169	27	
GCA_902516395.1	AG_325_K03	Ib	k__Bacteria (UID2495)	2993	139	83	25	114	0	0	0	0	1.330480159223784	1330480.159223784	0.80390000000000006	80.39	0	0	0.3	0.03	1069573	0.97	1145	47	
GCA_902517495.1	AG_325_P23	Ib	k__Bacteria (UID2495)	2993	139	83	14	125	0	0	0	0	1.2274409632920271	1227440.9632920271	0.85540000000000005	85.54	0	0	0.3	0.02	1049953	0.96	1113	46	
GCA_902521005.1	AG_333_K06	Ib	k__Bacteria (UID2495)	2993	139	83	18	121	0	0	0	0	1.1850129503178715	1185012.9503178715	0.84939999999999993	84.94	0	0	0.28999999999999998	0.02	1006550	0.96	1093	33	
GCA_902524115.1	AG_337_C14	Ib	k__Bacteria (UID2495)	2993	139	83	21	118	0	0	0	0	1.2922558220368441	1292255.822036844	0.86309999999999998	86.31	0	0	0.3	0.03	1115346	0.97	1196	38	
GCA_902524235.1	AG_337_C19	Ib	k__Bacteria (UID2495)	2993	139	83	11	128	0	0	0	0	1.1681034678794771	1168103.467879477	0.87950000000000006	87.95	0	0	0.28999999999999998	0.02	1027347	0.97	1137	40	
GCA_902524995.1	AG_337_E19	Ib	k__Bacteria (UID2495)	2993	139	83	15	124	0	0	0	0	1.330307090348589	1330307.090348589	0.84340000000000004	84.34	0	0	0.28999999999999998	0.02	1121981	0.96	1213	47	
GCA_003282205.1	AG_337_G04	Ib	k__Bacteria (UID2495)	2993	139	83	5	134	0	0	0	0	1.4152692062140879	1415269.206214088	0.93980000000000008	93.98	0	0	0.28999999999999998	0.02	1330070	0.97	1402	23	
GCA_902525935.1	AG_337_I10	Ib	k__Bacteria (UID2495)	2993	139	83	25	112	2	0	0	0	1.2206483819141611	1220648.3819141611	0.87139999999999995	87.14	2.41	100	0.28999999999999998	0.02	1063673	0.97	1127	41	
GCA_902532195.1	AG_343_K02	Ib	k__Bacteria (UID2495)	2993	139	83	37	101	1	0	0	0	1.1209889477319825	1120988.9477319825	0.86860000000000004	86.86	1.2	0	0.28000000000000003	0.03	973691	0.96	1027	34	
GCA_902535745.1	AG_349_D19	Ib	k__Bacteria (UID2495)	2993	139	83	33	106	0	0	0	0	1.1077140792484643	1107714.0792484644	0.83030000000000004	83.03	0	0	0.3	0.02	919735	0.96	1014	27	
GCA_902536765.1	AG_349_I05	Ib	k__Bacteria (UID2495)	2993	139	83	12	127	0	0	0	0	1.2608908809207615	1260890.8809207615	0.90359999999999996	90.36	0	0	0.28999999999999998	0.02	1139341	0.97	1204	20	
GCA_902541285.1	AG_359_G17	Ib	k__Bacteria (UID2495)	2993	139	83	15	124	0	0	0	0	1.3272871309700214	1327287.1309700215	0.87730000000000008	87.73	0	0	0.28999999999999998	0.02	1164429	0.97	1251	32	
GCA_003280485.1	AG_359_O02	Ib	k__Bacteria (UID2495)	2993	139	83	21	118	0	0	0	0	1.2253843579158765	1225384.3579158764	0.89629999999999999	89.63	0	0	0.28999999999999998	0.02	1098312	0.97	1190	34	
GCA_902550805.1	AG_365_C14	Ib	k__Bacteria (UID2495)	2993	139	83	38	101	0	0	0	0	1.2619735610669163	1261973.5610669162	0.8548	85.48	0	0	0.28000000000000003	0.03	1078735	0.96	1140	29	
GCA_003280005.1	AG_365_D07	Ib	k__Bacteria (UID2495)	2993	139	83	25	114	0	0	0	0	1.2664561234329799	1266456.1234329799	0.82959999999999989	82.96	0	0	0.28999999999999998	0.02	1050652	0.96	1115	31	
GCA_902555465.1	AG_390_C19	Ib	k__Bacteria (UID2495)	2993	139	83	6	133	0	0	0	0	1.2315415521251851	1231541.552125185	0.94579999999999997	94.58	0	0	0.28999999999999998	0.02	1164792	0.96	1248	39	
GCA_902560625.1	AG_404_B04	Ib	k__Bacteria (UID2495)	2993	139	83	21	118	0	0	0	0	1.2444076492537313	1244407.6492537314	0.85760000000000003	85.76	0	0	0.28999999999999998	0.02	1067204	0.97	1138	26	
GCA_902560565.1	AG_404_B06	Ib	k__Bacteria (UID2495)	2993	139	83	42	97	0	0	0	0	1.2730852186144648	1273085.2186144649	0.85309999999999997	85.31	0	0	0.28999999999999998	0.02	1086069	0.97	1153	28	
GCA_902560815.1	AG_404_C02	Ib	k__Bacteria (UID2495)	2993	139	83	39	100	0	0	0	0	1.2524634229329703	1252463.4229329703	0.88170000000000004	88.17	0	0	0.28000000000000003	0.02	1104297	0.97	1197	36	
GCA_902562875.1	AG_404_J20	Ib	k__Bacteria (UID2495)	2993	139	83	25	114	0	0	0	0	1.2268082663605053	1226808.2663605053	0.871	87.1	0	0	0.28999999999999998	0.03	1068550	0.96	1149	27	
GCA_003216255.1	AG_404_N13	Ib	k__Bacteria (UID2495)	2993	139	83	29	110	0	0	0	0	1.3809462340123164	1380946.2340123164	0.84439999999999993	84.44	0	0	0.28999999999999998	0.02	1166071	0.96	1219	40	
GCA_902566775.1	AG_410_O14	Ib	k__Bacteria (UID2495)	2993	139	83	27	112	0	0	0	0	1.2164598094307355	1216459.8094307354	0.81859999999999999	81.86	0	0	0.28999999999999998	0.02	995794	0.97	1081	40	
GCA_902567235.1	AG_414_B08	Ib	k__Bacteria (UID2495)	2993	139	83	26	112	1	0	0	0	1.2640006729475102	1264000.6729475101	0.89159999999999995	89.16	1.2	0	0.28999999999999998	0.05	1126983	0.96	1220	39	
GCA_902568235.1	AG_414_F21	Ib	k__Bacteria (UID2495)	2993	139	83	42	94	3	0	0	0	1.3652786245579807	1365278.6245579806	0.82010000000000005	82.01	3.61	0	0.28999999999999998	0.03	1119665	0.96	1184	32	
GCA_003214525.1	AG_414_M23	Ib	k__Bacteria (UID2495)	2993	139	83	11	128	0	0	0	0	1.2559499715747584	1255949.9715747584	0.87950000000000006	87.95	0	0	0.28999999999999998	0.02	1104608	0.96	1192	38	
GCA_902570125.1	AG_414_O09	Ib	k__Bacteria (UID2495)	2993	139	83	12	127	0	0	0	0	1.4289395821569735	1428939.5821569734	0.88549999999999995	88.55	0	0	0.3	0.02	1265326	0.96	1361	38	
GCA_902571055.1	AG_422_B19	Ib	k__Bacteria (UID2495)	2993	139	83	20	119	0	0	0	0	1.2783833002973242	1278383.3002973241	0.80720000000000003	80.72	0	0	0.28999999999999998	0.04	1031911	0.97	1126	38	
GCA_902574705.1	AG_422_N14	Ib	k__Bacteria (UID2495)	2993	139	83	27	112	0	0	0	0	1.3324408468244084	1332440.8468244085	0.80299999999999994	80.3	0	0	0.28999999999999998	0.03	1069950	0.96	1164	40	
GCA_902574695.1	AG_422_N15	Ib	k__Bacteria (UID2495)	2993	139	83	9	130	0	0	0	0	1.1347570164901168	1134757.0164901169	0.91569999999999996	91.57	0	0	0.28999999999999998	0.02	1039097	0.97	1146	32	
GCA_902576045.1	AG_426_C16	Ib	k__Bacteria (UID2495)	2993	139	83	20	119	0	0	0	0	1.3209757230804973	1320975.7230804972	0.8609	86.09	0	0	0.28999999999999998	0.02	1137228	0.97	1224	51	
GCA_902576785.1	AG_426_E13	Ib	k__Bacteria (UID2495)	2993	139	83	45	94	0	0	0	0	1.4843887302966365	1484388.7302966365	0.80569999999999997	80.569999999999993	0	0	0.28999999999999998	0.02	1195972	0.96	1260	26	
GCA_003210095.1	AG_426_E17	Ib	k__Bacteria (UID2495)	2993	139	83	0	138	1	0	0	0	1.1510689999999999	1151069	1	100	0.11	0	0.28999999999999998	0.01	1151069	0.97	1214	5	
GCA_902577075.1	AG_426_F15	Ib	k__Bacteria (UID2495)	2993	139	83	33	106	0	0	0	0	1.4854253576498853	1485425.3576498854	0.91569999999999996	91.57	0	0	0.28999999999999998	0.02	1360204	0.96	1441	13	
GCA_003210075.1	AG_426_G09	Ib	k__Bacteria (UID2495)	2993	139	83	30	109	0	0	0	0	1.3455886097928003	1345588.6097928002	0.8639	86.39	0	0	0.28999999999999998	0.03	1162454	0.96	1232	38	
GCA_902580945.1	AG_426_K09	Ib	k__Bacteria (UID2495)	2993	139	83	17	122	0	0	0	0	1.4893656536420647	1489365.6536420647	0.82920000000000005	82.92	0	0	0.28999999999999998	0.02	1234982	0.97	1309	31	
GCA_003210025.1	AG_426_M19	Ib	k__Bacteria (UID2495)	2993	139	83	19	120	0	0	0	0	1.4850774323206053	1485077.4323206053	0.84589999999999999	84.59	0	0	0.28999999999999998	0.02	1256227	0.97	1349	25	
GCA_003213015.1	AG_430_F16	Ib	k__Bacteria (UID2495)	2993	139	83	20	119	0	0	0	0	1.1420820449391877	1142082.0449391878	0.97019999999999995	97.02	0	0	0.28999999999999998	0.02	1108048	0.96	1190	13	
GCA_902582315.1	AG_430_I18	Ib	k__Bacteria (UID2495)	2993	139	83	12	127	0	0	0	0	1.3308866606579539	1330886.6606579539	0.88760000000000006	88.76	0	0	0.28999999999999998	0.03	1181295	0.96	1242	23	
GCA_902582235.1	AG_430_J04	Ib	k__Bacteria (UID2495)	2993	139	83	16	123	0	0	0	0	1.1799110742233814	1179911.0742233815	0.84340000000000004	84.34	0	0	0.3	0.02	995137	0.97	1090	26	
GCA_902583645.1	AG_430_N16	Ib	k__Bacteria (UID2495)	2993	139	83	10	129	0	0	0	0	1.1933019291161957	1193301.9291161958	0.89159999999999995	89.16	0	0	0.28999999999999998	0.02	1063948	0.96	1149	39	
GCA_902634305.1	AG_439_B12	Ib	k__Bacteria (UID2495)	2993	139	83	32	107	0	0	0	0	1.3367120234604106	1336712.0234604105	0.85250000000000004	85.25	0	0	0.28000000000000003	0.03	1139547	0.96	1220	43	
GCA_902588965.1	AG_439_C18	Ib	k__Bacteria (UID2495)	2993	139	83	6	133	0	0	0	0	1.217642051500319	1217642.051500319	0.93980000000000008	93.98	0	0	0.28999999999999998	0.02	1144340	0.96	1234	14	
GCA_902634485.1	AG_439_C22	Ib	k__Bacteria (UID2495)	2993	139	83	33	105	1	0	0	0	1.2068725284949988	1206872.5284949988	0.85980000000000001	85.98	1.2	100	0.28000000000000003	0.04	1037669	0.96	1102	38	
GCA_902589395.1	AG_439_G13	Ib	k__Bacteria (UID2495)	2993	139	83	27	112	0	0	0	0	1.3592368784530389	1359236.8784530389	0.86879999999999991	86.88	0	0	0.28999999999999998	0.03	1180905	0.97	1254	46	
GCA_902589345.1	AG_439_G19	Ib	k__Bacteria (UID2495)	2993	139	83	18	121	0	0	0	0	1.3507900157518478	1350790.0157518478	0.82530000000000003	82.53	0	0	0.28999999999999998	0.02	1114807	0.97	1177	23	
GCA_902634455.1	AG_439_I19	Ib	k__Bacteria (UID2495)	2993	139	83	34	105	0	0	0	0	1.2130946262987374	1213094.6262987375	0.89510000000000001	89.51	0	0	0.28000000000000003	0.02	1085841	0.96	1136	35	
GCA_902599605.1	AG_453_K22	Ib	k__Bacteria (UID2495)	2993	139	83	18	121	0	0	0	0	1.1734139299891737	1173413.9299891738	0.83129999999999993	83.13	0	0	0.3	0.02	975459	0.96	1068	33	
GCA_902604245.1	AG_457_O03	Ib	k__Bacteria (UID2495)	2993	139	83	17	122	0	0	0	0	1.3090382033443184	1309038.2033443183	0.81930000000000003	81.93	0	0	0.3	0.03	1072495	0.96	1149	40	
GCA_902604795.1	AG_461_C04	Ib	k__Bacteria (UID2495)	2993	139	83	31	108	0	0	0	0	1.2765562597154132	1276556.2597154132	0.83629999999999993	83.63	0	0	0.28999999999999998	0.03	1067584	0.96	1147	29	
GCA_902604975.1	AG_461_E05	Ib	k__Bacteria (UID2495)	2993	139	83	49	90	0	0	0	0	1.2812281354670636	1281228.1354670636	0.80610000000000004	80.61	0	0	0.28999999999999998	0.03	1032798	0.97	1103	42	
GCA_902605865.1	AG_461_L09	Ib	k__Bacteria (UID2495)	2993	139	83	8	131	0	0	0	0	1.3412428586827638	1341242.8586827638	0.92769999999999997	92.77	0	0	0.3	0.02	1244271	0.97	1327	30	
GCA_902606115.1	AG_461_M18	Ib	k__Bacteria (UID2495)	2993	139	83	9	130	0	0	0	0	1.1204007026018223	1120400.7026018223	0.91090000000000004	91.09	0	0	0.28999999999999998	0.03	1020573	0.96	1106	33	
GCA_003211555.1	AG_470_G21	Ib	k__Bacteria (UID2495)	2993	139	83	28	111	0	0	0	0	1.3202157932179275	1320215.7932179275	0.84340000000000004	84.34	0	0	0.28999999999999998	0.02	1113470	0.96	1190	34	
GCA_902610655.1	AG_470_L20	Ib	k__Bacteria (UID2495)	2993	139	83	21	118	0	0	0	0	1.2002941505424449	1200294.150542445	0.89410000000000001	89.41	0	0	0.28999999999999998	0.03	1073183	0.96	1158	44	
GCA_902611145.1	AG_470_O10	Ib	k__Bacteria (UID2495)	2993	139	83	22	117	0	0	0	0	1.4047378931602597	1404737.8931602596	0.80120000000000002	80.12	0	0	0.28000000000000003	0.02	1125476	0.96	1211	29	
GCA_902612345.1	AG_891_D10	Ib	k__Bacteria (UID2495)	2993	139	83	6	133	0	0	0	0	1.1577169343537781	1157716.9343537781	0.92769999999999997	92.77	0	0	0.28999999999999998	0.03	1074014	0.97	1157	34	
GCA_902614905.1	AG_891_M18	Ib	k__Bacteria (UID2495)	2993	139	83	31	108	0	0	0	0	1.2044108905005351	1204410.890500535	0.84109999999999996	84.11	0	0	0.28999999999999998	0.03	1013030	0.96	1082	37	
GCA_902614975.1	AG_891_N03	Ib	k__Bacteria (UID2495)	2993	139	83	16	123	0	0	0	0	1.4470467941777938	1447046.7941777939	0.83129999999999993	83.13	0	0	0.28999999999999998	0.02	1202930	0.97	1285	25	
GCA_902616245.1	AG_892_B11	Ib	k__Bacteria (UID2495)	2993	139	83	18	121	0	0	0	0	1.3757183335082379	1375718.333508238	0.95290000000000008	95.29	0	0	0.28999999999999998	0.01	1310922	0.97	1370	12	
GCA_902618205.1	AG_892_J03	Ib	k__Bacteria (UID2495)	2993	139	83	6	133	0	0	0	0	1.4458636268123553	1445863.6268123554	0.95180000000000009	95.18	0	0	0.28999999999999998	0.03	1376173	0.96	1486	28	
GCA_902619595.1	AG_892_O03	Ib	k__Bacteria (UID2495)	2993	139	83	39	99	1	0	0	0	1.2212153621779291	1221215.3621779291	0.82279999999999998	82.28	1.2	0	0.28999999999999998	0.02	1004816	0.96	1070	29	
GCA_902622245.1	AG_893_J08	Ib	k__Bacteria (UID2495)	2993	139	83	3	136	0	0	0	0	1.3875505757858699	1387550.57578587	0.96389999999999998	96.39	0	0	0.28999999999999998	0.03	1337460	0.97	1402	17	
GCA_902622545.1	AG_893_K09	Ib	k__Bacteria (UID2495)	2993	139	83	2	137	0	0	0	0	1.17253074499441	1172530.7449944101	0.9839	98.39	0	0	0.28999999999999998	0.05	1153653	0.96	1229	9	
GCA_902623495.1	AG_893_N07	Ib	k__Bacteria (UID2495)	2993	139	83	13	126	0	0	0	0	1.4701589899462237	1470158.9899462238	0.85540000000000005	85.54	0	0	0.28999999999999998	0.03	1257574	0.97	1325	31	
GCA_902518165.1	AG_894_B06	Ib	k__Bacteria (UID2495)	2993	139	83	6	133	0	0	0	0	1.2881119983189744	1288111.9983189744	0.95180000000000009	95.18	0	0	0.28999999999999998	0.03	1226025	0.97	1306	35	
GCA_902519255.1	AG_894_F03	Ib	k__Bacteria (UID2495)	2993	139	83	40	99	0	0	0	0	1.303083373845406	1303083.3738454059	0.82279999999999998	82.28	0	0	0.28999999999999998	0.02	1072177	0.97	1114	33	
GCA_902519695.1	AG_894_G18	Ib	k__Bacteria (UID2495)	2993	139	83	25	114	0	0	0	0	1.2993047034764829	1299304.7034764828	0.83129999999999993	83.13	0	0	0.3	0.02	1080112	0.96	1178	49	
GCA_902520695.1	AG_894_L17	Ib	k__Bacteria (UID2495)	2993	139	83	16	123	0	0	0	0	1.4799685827321387	1479968.5827321387	0.85939999999999994	85.94	0	0	0.3	0.03	1271885	0.97	1331	28	
GCA_902521075.1	AG_894_M18	Ib	k__Bacteria (UID2495)	2993	139	83	51	88	0	0	0	0	1.3402698373583046	1340269.8373583045	0.81159999999999999	81.16	0	0	0.28999999999999998	0.02	1087763	0.97	1140	27	
GCA_902522525.1	AG_895_B19	Ib	k__Bacteria (UID2495)	2993	139	83	17	122	0	0	0	0	1.4005445848154052	1400544.5848154053	0.81530000000000002	81.53	0	0	0.3	0.03	1141864	0.97	1238	34	
GCA_902527215.1	AG_896_F06	Ib	k__Bacteria (UID203)	5449	99	53	48	51	0	0	0	0	1.6663811167262419	1666381.116726242	0.81129999999999991	81.13	0	0	0.28999999999999998	0.02	1351935	0.96	1401	9	
GCA_902531175.1	AG_897_G09	Ib	k__Bacteria (UID2495)	2993	139	83	18	121	0	0	0	0	1.3460058097312999	1346005.8097313	0.96389999999999998	96.39	0	0	0.28999999999999998	0.02	1297415	0.97	1371	25	
GCA_902532525.1	AG_897_O16	Ib	k__Bacteria (UID2495)	2993	139	83	10	129	0	0	0	0	1.3092308543603364	1309230.8543603364	0.90359999999999996	90.36	0	0	0.28999999999999998	0.02	1183021	0.97	1259	38	
GCA_902533775.1	AG_898_D09	Ib	k__Bacteria (UID2495)	2993	139	83	23	116	0	0	0	0	1.1239811364694923	1123981.1364694922	0.85880000000000001	85.88	0	0	0.28999999999999998	0.03	965275	0.97	1036	53	
GCA_902534465.1	AG_898_F23	Ib	k__Bacteria (UID2495)	2993	139	83	36	103	0	0	0	0	1.3450888943010229	1345088.8943010229	0.82120000000000004	82.12	0	0	0.3	0.03	1104587	0.96	1163	30	
GCA_902534735.1	AG_898_G21	Ib	k__Bacteria (UID2495)	2993	139	83	16	123	0	0	0	0	1.3247239193083571	1324723.9193083572	0.86750000000000005	86.75	0	0	0.28999999999999998	0.02	1149198	0.96	1208	28	
GCA_902537055.1	AG_899_A06	Ib	k__Bacteria (UID2495)	2993	139	83	14	125	0	0	0	0	1.4116368702112838	1411636.8702112839	0.86140000000000005	86.14	0	0	0.28999999999999998	0.02	1215984	0.96	1283	39	
GCA_902537555.1	AG_899_C17	Ib	k__Bacteria (UID2495)	2993	139	83	41	98	0	0	0	0	1.3734570794277259	1373457.0794277259	0.81079999999999997	81.08	0	0	0.28999999999999998	0.02	1113599	0.97	1173	32	
GCA_902538525.1	AG_899_G03	Ib	k__Bacteria (UID2495)	2993	139	83	11	128	0	0	0	0	1.08912905059693	1089129.0505969301	0.87950000000000006	87.95	0	0	0.28999999999999998	0.03	957889	0.97	1027	43	
GCA_902543295.1	AG_900_G16	Ib	k__Bacteria (UID2495)	2993	139	83	10	129	0	0	0	0	1.3813888010123379	1381388.8010123379	0.94830000000000003	94.83	0	0	0.28999999999999998	0.03	1309971	0.97	1379	17	
GCA_902543405.1	AG_900_G22	Ib	k__Bacteria (UID2495)	2993	139	83	23	116	0	0	0	0	1.3523465617923967	1352346.5617923967	0.83909999999999996	83.91	0	0	0.3	0.02	1134754	0.96	1196	37	
GCA_902543485.1	AG_900_I13	Ib	k__Bacteria (UID2495)	2993	139	83	1	138	0	0	0	0	1.3254574898785425	1325457.4898785425	0.98799999999999999	98.8	0	0	0.28999999999999998	0.02	1309552	0.97	1373	21	
GCA_902543575.1	AG_900_I19	Ib	k__Bacteria (UID2495)	2993	139	83	4	135	0	0	0	0	1.2375986705442459	1237598.670544246	0.96279999999999999	96.28	0	0	0.28999999999999998	0.03	1191560	0.97	1271	33	
GCA_902545405.1	AG_900_P18	Ib	k__Bacteria (UID2495)	2993	139	83	37	102	0	0	0	0	1.2218184064237185	1221818.4064237184	0.8095	80.95	0	0	0.3	0.03	989062	0.97	1053	34	
GCA_902545635.1	AG_901_A07	Ib	k__Bacteria (UID2495)	2993	139	83	19	120	0	0	0	0	1.3420189385083001	1342018.9385083001	0.85540000000000005	85.54	0	0	0.28999999999999998	0.02	1147963	0.97	1225	30	
GCA_902547535.1	AG_901_I06	Ib	k__Bacteria (UID2495)	2993	139	83	41	98	0	0	0	0	1.4987224824355971	1498722.4824355971	0.85400000000000009	85.4	0	0	0.28999999999999998	0.01	1279909	0.97	1332	10	
GCA_902551755.1	AG_903_K07	Ib	k__Bacteria (UID2495)	2993	139	83	8	131	0	0	0	0	1.1852523240371846	1185252.3240371847	0.90359999999999996	90.36	0	0	0.3	0.02	1070994	0.96	1159	12	
GCA_902551985.1	AG_903_L07	Ib	k__Bacteria (UID2495)	2993	139	83	5	134	0	0	0	0	1.3193401975204875	1319340.1975204875	0.95180000000000009	95.18	0	0	0.3	0.03	1255748	0.97	1317	21	
GCA_902555275.1	AG_904_G21	Ib	k__Bacteria (UID2495)	2993	139	83	41	98	0	0	0	0	1.4145518352318489	1414551.835231849	0.86909999999999998	86.91	0	0	0.3	0.03	1229387	0.96	1299	32	
GCA_902555585.1	AG_904_K03	Ib	k__Bacteria (UID2495)	2993	139	83	2	137	0	0	0	0	1.381814735116303	1381814.735116303	0.97589999999999999	97.59	0	0	0.3	0.02	1348513	0.97	1428	26	
GCA_902558435.1	AG_905_E11	Ib	k__Bacteria (UID2495)	2993	139	83	7	132	0	0	0	0	1.4233760914088607	1423376.0914088606	0.92769999999999997	92.77	0	0	0.28999999999999998	0.02	1320466	0.97	1400	28	
GCA_902560075.1	AG_905_M05	Ib	k__Bacteria (UID2495)	2993	139	83	3	136	0	0	0	0	1.2213445378151262	1221344.5378151261	0.96389999999999998	96.39	0	0	0.28999999999999998	0.02	1177254	0.97	1257	20	
GCA_902561765.1	AG_907_C09	Ib	k__Bacteria (UID2495)	2993	139	83	18	120	1	0	0	0	1.4812315391187598	1481231.5391187598	0.81930000000000003	81.93	0.11	0	0.28999999999999998	0.03	1213573	0.97	1318	36	
GCA_902562205.1	AG_907_E04	Ib	k__Bacteria (UID2495)	2993	139	83	32	107	0	0	0	0	1.1169673913043476	1116967.3913043477	0.92	92	0	0	0.3	0.02	1027610	0.96	1101	26	
GCA_902562645.1	AG_907_F09	Ib	k__Bacteria (UID2495)	2993	139	83	13	126	0	0	0	0	1.3680173286823449	1368017.3286823449	0.88870000000000005	88.87	0	0	0.28999999999999998	0.02	1215757	0.97	1298	38	
GCA_902564385.1	AG_907_M07	Ib	k__Bacteria (UID2495)	2993	139	83	13	126	0	0	0	0	1.2452876080691642	1245287.6080691642	0.86750000000000005	86.75	0	0	0.28999999999999998	0.02	1080287	0.97	1125	28	
GCA_902567045.1	AG_908_F18	Ib	k__Bacteria (UID2495)	2993	139	83	26	113	0	0	0	0	1.4603945578231292	1460394.5578231292	0.8085	80.849999999999994	0	0	0.3	0.03	1180729	0.96	1251	27	
GCA_902570695.1	AG_909_F14	Ib	k__Bacteria (UID2495)	2993	139	83	2	137	0	0	0	0	1.3327092939850396	1332709.2939850395	0.97589999999999999	97.59	0	0	0.28999999999999998	0.02	1300591	0.97	1364	27	
GCA_902574685.1	AG_910_E21	Ib	k__Bacteria (UID2495)	2993	139	83	39	100	0	0	0	0	1.2495843344545894	1249584.3344545893	0.83239999999999992	83.24	0	0	0.28999999999999998	0.02	1040154	0.97	1118	31	
GCA_902576815.1	AG_910_M23	Ib	k__Bacteria (UID2495)	2993	139	83	16	123	0	0	0	0	1.2083874792506519	1208387.479250652	0.84340000000000004	84.34	0	0	0.28999999999999998	0.02	1019154	0.96	1107	32	
GCA_902581585.1	AG_911_J19	Ib	k__Bacteria (UID2495)	2993	139	83	10	129	0	0	0	0	1.4123037236428893	1412303.7236428892	0.89159999999999995	89.16	0	0	0.28999999999999998	0.02	1259210	0.97	1325	29	
GCA_902581405.1	AG_911_K05	Ib	k__Bacteria (UID2495)	2993	139	83	19	120	0	0	0	0	1.3630672525326497	1363067.2525326498	0.81930000000000003	81.93	0	0	0.3	0.03	1116761	0.97	1185	33	
GCA_902581445.1	AG_911_K15	Ib	k__Bacteria (UID2495)	2993	139	83	7	132	0	0	0	0	1.2092716430625068	1209271.6430625068	0.93909999999999993	93.91	0	0	0.28999999999999998	0.03	1135627	0.97	1199	18	
GCA_902580275.1	AG_911_N14	Ib	k__Bacteria (UID2495)	2993	139	83	10	129	0	0	0	0	1.3090829257447754	1309082.9257447754	0.89959999999999996	89.96	0	0	0.28999999999999998	0.03	1177651	0.97	1244	18	
GCA_902583455.1	AG_912_F23	Ib	k__Bacteria (UID2495)	2993	139	83	18	121	0	0	0	0	1.0898607305936074	1089860.7305936075	0.87599999999999989	87.6	0	0	0.28999999999999998	0.02	954718	0.97	1025	19	
GCA_902583075.1	AG_912_G22	Ib	k__Bacteria (UID2495)	2993	139	83	1	138	0	0	0	0	1.2013734817813766	1201373.4817813765	0.98799999999999999	98.8	0	0	0.28999999999999998	0.02	1186957	0.96	1262	15	
GCA_902584995.1	AG_912_M06	Ib	k__Bacteria (UID2495)	2993	139	83	11	128	0	0	0	0	1.2551561959654178	1255156.1959654179	0.86750000000000005	86.75	0	0	0.3	0.03	1088848	0.97	1156	32	
GCA_902585415.1	AG_913_A07	Ib	k__Bacteria (UID203)	5449	99	53	45	54	0	0	0	0	1.2669351285189718	1266935.1285189718	0.81700000000000006	81.7	0	0	0.28999999999999998	0.02	1035086	0.96	1105	39	
GCA_902587095.1	AG_913_I22	Ib	k__Bacteria (UID2495)	2993	139	83	25	114	0	0	0	0	1.0871806387225551	1087180.638722555	0.80159999999999998	80.16	0	0	0.28999999999999998	0.02	871484	0.97	939	27	
GCA_902588835.1	AG_914_A09	Ib	k__Bacteria (UID2495)	2993	139	83	32	107	0	0	0	0	1.0824583193465369	1082458.3193465369	0.89370000000000005	89.37	0	0	0.3	0.02	967393	0.96	1034	25	
GCA_902589315.1	AG_914_C06	Ib	k__Bacteria (UID2495)	2993	139	83	18	121	0	0	0	0	1.4032653545174294	1403265.3545174294	0.84340000000000004	84.34	0	0	0.28999999999999998	0.03	1183514	0.96	1246	35	
GCA_902591755.1	AG_914_M14	Ib	k__Bacteria (UID2495)	2993	139	83	11	128	0	0	0	0	1.1674190201729104	1167419.0201729105	0.86750000000000005	86.75	0	0	0.3	0.03	1012736	0.97	1104	18	
GCA_902592445.1	AG_914_P22	Ib	k__Bacteria (UID2495)	2993	139	83	15	124	0	0	0	0	1.2928021978021977	1292802.1978021977	0.85540000000000005	85.54	0	0	0.28999999999999998	0.02	1105863	0.96	1154	22	
GCA_902594675.1	AG_915_G13	Ib	k__Bacteria (UID2495)	2993	139	83	9	130	0	0	0	0	1.3693193891102258	1369319.3891102257	0.90359999999999996	90.36	0	0	0.28999999999999998	0.02	1237317	0.96	1317	31	
GCA_902594705.1	AG_915_G14	Ib	k__Bacteria (UID2495)	2993	139	83	30	109	0	0	0	0	1.4661975748136611	1466197.5748136612	0.89890000000000003	89.89	0	0	0.28999999999999998	0.02	1317965	0.97	1389	27	
GCA_902594335.1	AG_915_K07	Ib	k__Bacteria (UID2495)	2993	139	83	42	97	0	0	0	0	1.3906922533553099	1390692.2533553098	0.84939999999999993	84.94	0	0	0.3	0.02	1181254	0.96	1240	25	
GCA_902636025.1	AG_916_B11	Ib	k__Bacteria (UID2495)	2993	139	83	28	111	0	0	0	0	1.0865466448445171	1086546.6448445171	0.85540000000000005	85.54	0	0	0.28999999999999998	0.02	929432	0.96	999	33	
GCA_902596975.1	AG_916_E19	Ib	k__Bacteria (UID2495)	2993	139	83	13	125	1	0	0	0	1.3826977260122018	1382697.7260122017	0.90150000000000008	90.15	7.0000000000000007E-2	0	0.28999999999999998	0.01	1246502	0.96	1335	32	
GCA_902597335.1	AG_916_G09	Ib	k__Bacteria (UID2495)	2993	139	83	11	128	0	0	0	0	1.4010668437361666	1401066.8437361666	0.90359999999999996	90.36	0	0	0.3	0.02	1266004	0.97	1334	19	
GCA_902597895.1	AG_916_I17	Ib	k__Bacteria (UID2495)	2993	139	83	12	127	0	0	0	0	1.1487972234865726	1148797.2234865727	0.87879999999999991	87.88	0	0	0.28999999999999998	0.02	1009563	0.96	1087	29	
GCA_902598655.1	AG_916_L11	Ib	k__Bacteria (UID2495)	2993	139	83	36	103	0	0	0	0	1.3634767470778413	1363476.7470778413	0.80420000000000003	80.42	0	0	0.28999999999999998	0.03	1096508	0.97	1157	29	
GCA_902599625.1	AG_916_O13	Ib	k__Bacteria (UID2495)	2993	139	83	8	131	0	0	0	0	1.1937970340858788	1193797.0340858789	0.90359999999999996	90.36	0	0	0.3	0.01	1078715	0.97	1155	13	
GCA_902599665.1	AG_916_O20	Ib	k__Bacteria (UID2495)	2993	139	83	12	127	0	0	0	0	1.3632839838492599	1363283.9838492598	0.89159999999999995	89.16	0	0	0.3	0.03	1215504	0.97	1305	41	
GCA_902600485.1	AG_917_B07	Ib	k__Bacteria (UID2495)	2993	139	83	6	133	0	0	0	0	1.1613722346906059	1161372.2346906059	0.93569999999999998	93.57	0	0	0.28999999999999998	0.02	1086696	0.97	1170	19	
GCA_902601315.1	AG_917_E05	Ib	k__Bacteria (UID2495)	2993	139	83	10	129	0	0	0	0	1.3342463479415672	1334246.3479415672	0.90359999999999996	90.36	0	0	0.28999999999999998	0.02	1205625	0.96	1291	31	
GCA_902601895.1	AG_917_G09	Ib	k__Bacteria (UID2495)	2993	139	83	20	119	0	0	0	0	1.3964281397316571	1396428.1397316572	0.82730000000000004	82.73	0	0	0.28999999999999998	0.02	1155265	0.97	1242	42	
GCA_902610315.1	AG_917_M15	Ib	k__Bacteria (UID2495)	2993	139	83	14	125	0	0	0	0	1.2147995431182181	1214799.5431182182	0.87549999999999994	87.55	0	0	0.28999999999999998	0.04	1063557	0.96	1151	26	
GCA_902611265.1	AG_918_B06	Ib	k__Bacteria (UID2495)	2993	139	83	20	119	0	0	0	0	1.3286867636867636	1328686.7636867636	0.86580000000000001	86.58	0	0	0.3	0.02	1150377	0.97	1208	32	
GCA_902611465.1	AG_918_C15	Ib	k__Bacteria (UID2495)	2993	139	83	22	117	0	0	0	0	1.4488682246421143	1448868.2246421142	0.81730000000000003	81.73	0	0	0.28999999999999998	0.03	1184160	0.97	1258	38	
GCA_902611845.1	AG_918_E02	Ib	k__Bacteria (UID2495)	2993	139	83	9	130	0	0	0	0	1.3684409243788651	1368440.9243788652	0.92169999999999996	92.17	0	0	0.28999999999999998	0.03	1261292	0.97	1339	26	
GCA_902612605.1	AG_918_G22	Ib	k__Bacteria (UID2495)	2993	139	83	3	136	0	0	0	0	1.3940285186704966	1394028.5186704965	0.9748	97.48	0	0	0.28999999999999998	0.04	1358899	0.97	1430	25	
GCA_902613065.1	AG_918_K13	Ib	k__Bacteria (UID2495)	2993	139	83	12	127	0	0	0	0	1.3933746163963174	1393374.6163963175	0.91239999999999999	91.24	0	0	0.28999999999999998	0.03	1271315	0.97	1364	37	
GCA_902614055.1	AG_918_P10	Ib	k__Bacteria (UID2495)	2993	139	83	28	111	0	0	0	0	1.3495790566255335	1349579.0566255334	0.86709999999999998	86.71	0	0	0.3	0.02	1170220	0.96	1245	35	
GCA_902614125.1	AG_919_A02	Ib	k__Bacteria (UID2495)	2993	139	83	35	104	0	0	0	0	1.472980925071687	1472980.925071687	0.80209999999999992	80.209999999999994	0	0	0.3	0.03	1181478	0.96	1253	31	
GCA_902619665.1	AG_920_I06	Ib	k__Bacteria (UID2495)	2993	139	83	19	120	0	0	0	0	1.2035521947620804	1203552.1947620804	0.81330000000000002	81.33	0	0	0.28999999999999998	0.02	978849	0.96	1071	28	
GCA_902619925.1	AG_920_I23	Ib	k__Bacteria (UID2495)	2993	139	83	20	119	0	0	0	0	1.2600686498855835	1260068.6498855834	0.87400000000000011	87.4	0	0	0.28999999999999998	0.02	1101300	0.97	1186	30	
GCA_902625715.1	AH_287_O09	Ib	k__Bacteria (UID2495)	2993	139	83	9	130	0	0	0	0	1.2684197881402206	1268419.7881402206	0.91569999999999996	91.57	0	0	0.28999999999999998	0.02	1161492	0.96	1227	29	
GCA_902626575.1	AH_321_D13	Ib	k__Bacteria (UID2495)	2993	139	83	39	100	0	0	0	0	1.1657899716177862	1165789.9716177862	0.84560000000000002	84.56	0	0	0.28999999999999998	0.02	985792	0.96	1050	21	
GCA_902628495.1	AH_324_B10	Ib	k__Bacteria (UID2495)	2993	139	83	13	126	0	0	0	0	1.1576472622478386	1157647.2622478385	0.86750000000000005	86.75	0	0	0.28999999999999998	0.02	1004259	0.96	1073	17	
GCA_902629075.1	AH_324_G08	Ib	k__Bacteria (UID2495)	2993	139	83	18	121	0	0	0	0	1.2038984103328367	1203898.4103328367	0.80519999999999992	80.52	0	0	0.28999999999999998	0.02	969379	0.96	1069	32	
GCA_001704065.1	GOM_A1	Ib	k__Bacteria (UID2495)	2993	139	83	6	132	1	0	0	0	1.4152489891466269	1415248.9891466268	0.93980000000000008	93.98	1.2	100	0.28999999999999998	0.03	1330051	0.96	1442	73	
GCF_002101295.1	RS40	Ib	k__Bacteria (UID2495)	2993	139	83	0	139	0	0	0	0	1.378905	1378905	1	100	0	0	0.28999999999999998	0	1378905	0.97	1408	1	
GCA_014654065.1	SAG_MED15	Ib	k__Bacteria (UID2495)	2993	139	83	9	130	0	0	0	0	1.3223937970951185	1322393.7970951186	0.91569999999999996	91.57	0	0	0.28999999999999998	0.03	1210916	0.96	1306	33	
GCF_001180105.1	SCGCAAA795_M22	Ib	k__Bacteria (UID2495)	2993	139	83	16	121	2	0	0	0	1.0498681801537897	1049868.1801537897	0.81930000000000003	81.93	1.31	50	0.28999999999999998	0.03	860157	0.96	982	80	
GCA_003214615.1	AG_414_E02	Ic	k__Bacteria (UID2495)	2993	139	83	12	127	0	0	0	0	1.286889364578639	1286889.3645786389	0.88760000000000006	88.76	0	0	0.3	0.02	1142243	0.96	1179	11	
GCA_004213215.1	MED_G108	Ic	k__Bacteria (UID2495)	2993	139	83	31	108	0	0	0	0	1.2084528069093152	1208452.8069093153	0.8105	81.05	0	0	0.28999999999999998	0.01	979451	0.97	1077	53	
GCA_002689925.1	MED605	Ic	k__Bacteria (UID2495)	2993	139	83	8	127	4	0	0	0	1.7534137818062685	1753413.7818062685	0.91569999999999996	91.57	3.61	0	0.28999999999999998	0.04	1605601	0.96	1788	73	
GCA_000504625.1	SCGCAAA240_E13	Ic	k__Bacteria (UID2495)	2993	139	83	8	130	1	0	0	0	1.4945660055448924	1494566.0055448923	0.93779999999999997	93.78	1.2	0	0.28999999999999998	0.05	1401604	0.93	1583	151	
GCA_003284275.1	AG_313_A04	II	k__Bacteria (UID2495)	2993	139	83	16	123	0	0	0	0	1.0436696049624552	1043669.6049624551	0.91890000000000005	91.89	0	0	0.3	0.02	959028	0.97	1024	19	
GCA_003282965.1	AG_325_E13	II	k__Bacteria (UID2495)	2993	139	83	18	121	0	0	0	0	1.184207135777998	1184207.135777998	0.80720000000000003	80.72	0	0	0.28999999999999998	0.02	955892	0.96	1040	28	
GCA_902522955.1	AG_333_P08	II	k__Bacteria (UID2495)	2993	139	83	20	118	1	0	0	0	1.1481577633549676	1148157.7633549676	0.80120000000000002	80.12	0.11	0	0.28999999999999998	0.02	919904	0.96	1014	37	
GCA_902524945.1	AG_337_E15	II	k__Bacteria (UID2495)	2993	139	83	6	133	0	0	0	0	1.0860426261111704	1086042.6261111705	0.93370000000000009	93.37	0	0	0.3	0.02	1014038	0.97	1100	30	
GCA_902530635.1	AG_343_E17	II	k__Bacteria (UID2495)	2993	139	83	12	127	0	0	0	0	1.1359308357348703	1135930.8357348703	0.86750000000000005	86.75	0	0	0.3	0.02	985420	0.96	1053	26	
GCA_003281795.1	AG_345_F21	II	k__Bacteria (UID2495)	2993	139	83	19	120	0	0	0	0	1.1777470403479102	1177747.0403479103	0.82779999999999998	82.78	0	0	0.3	0.02	974939	0.96	1054	31	
GCA_902535255.1	AG_349_C11	II	k__Bacteria (UID2495)	2993	139	83	21	118	0	0	0	0	1.0922158040665435	1092215.8040665435	0.86560000000000004	86.56	0	0	0.3	0.01	945422	0.96	1036	17	
GCA_902536385.1	AG_349_F22	II	k__Bacteria (UID2495)	2993	139	83	40	99	0	0	0	0	1.1078021603183625	1107802.1603183625	0.87950000000000006	87.95	0	0	0.3	0.01	974312	0.96	1043	23	
GCA_902538445.1	AG_349_N13	II	k__Bacteria (UID2495)	2993	139	83	33	106	0	0	0	0	1.1116022977267173	1111602.2977267173	0.81819999999999993	81.819999999999993	0	0	0.3	0.03	909513	0.97	990	33	
GCA_902539745.1	AG_359_B04	II	k__Bacteria (UID2495)	2993	139	83	44	95	0	0	0	0	1.0805046247512002	1080504.6247512002	0.85409999999999997	85.41	0	0	0.3	0.02	922859	0.97	983	25	
GCA_003278125.1	AG_390_C22	II	k__Bacteria (UID2495)	2993	139	83	20	119	0	0	0	0	1.2510946709972333	1251094.6709972334	0.83129999999999993	83.13	0	0	0.28999999999999998	0.02	1040035	0.97	1113	27	
GCA_902561155.1	AG_404_C23	II	k__Bacteria (UID2495)	2993	139	83	15	124	0	0	0	0	1.1412579655416568	1141257.9655416568	0.84739999999999993	84.74	0	0	0.28999999999999998	0.01	967102	0.96	1035	20	
GCA_902567495.1	AG_414_B15	II	k__Bacteria (UID2495)	2993	139	83	12	127	0	0	0	0	1.1065459737292975	1106545.9737292975	0.87549999999999994	87.55	0	0	0.3	0.03	968781	0.96	1051	25	
GCA_902567685.1	AG_414_D07	II	k__Bacteria (UID2495)	2993	139	83	44	93	2	0	0	0	1.1172175189073259	1117217.5189073258	0.88590000000000002	88.59	2.41	0	0.28999999999999998	0.02	989743	0.96	1033	20	
GCA_902571095.1	AG_422_B23	II	k__Bacteria (UID2495)	2993	139	83	16	123	0	0	0	0	1.0618436543442431	1061843.654344243	0.84939999999999993	84.94	0	0	0.3	0.02	901930	0.97	981	30	
GCA_902572345.1	AG_422_F15	II	k__Bacteria (UID2495)	2993	139	83	13	126	0	0	0	0	1.1452737752161382	1145273.7752161382	0.86750000000000005	86.75	0	0	0.3	0.02	993525	0.97	1063	21	
GCA_902573425.1	AG_422_J20	II	k__Bacteria (UID2495)	2993	139	83	28	111	0	0	0	0	1.1640595111583423	1164059.5111583422	0.84689999999999999	84.69	0	0	0.3	0.02	985842	0.96	1060	19	
GCA_902574035.1	AG_422_L15	II	k__Bacteria (UID2495)	2993	139	83	3	136	0	0	0	0	1.0781356987239341	1078135.6987239341	0.96389999999999998	96.39	0	0	0.3	0.02	1039215	0.97	1121	12	
GCA_003213135.1	AG_426_I15	II	k__Bacteria (UID2495)	2993	139	83	10	129	0	0	0	0	1.095361148497084	1095361.1484970839	0.89159999999999995	89.16	0	0	0.3	0.02	976624	0.96	1062	19	
GCA_902578115.1	AG_426_L15	II	k__Bacteria (UID2495)	2993	139	83	9	130	0	0	0	0	1.0472207054712244	1047220.7054712243	0.91569999999999996	91.57	0	0	0.3	0.02	958940	0.97	1019	23	
GCA_003213115.1	AG_426_L23	II	k__Bacteria (UID2495)	2993	139	83	45	94	0	0	0	0	1.135431758077498	1135431.7580774981	0.86970000000000003	86.97	0	0	0.28999999999999998	0.01	987485	0.96	1034	10	
GCA_902578935.1	AG_426_O05	II	k__Bacteria (UID2495)	2993	139	83	7	132	0	0	0	0	1.0829330602565486	1082933.0602565485	0.92769999999999997	92.77	0	0	0.31	0.03	1004637	0.96	1069	16	
GCA_902579285.1	AG_430_A02	II	k__Bacteria (UID2495)	2993	139	83	17	122	0	0	0	0	1.066005016123253	1066005.0161232532	0.83730000000000004	83.73	0	0	0.3	0.02	892566	0.96	955	30	
GCA_902581795.1	AG_430_F03	II	k__Bacteria (UID2495)	2993	139	83	5	134	0	0	0	0	1.0733847627154711	1073384.7627154712	0.93980000000000008	93.98	0	0	0.3	0.02	1008767	0.97	1067	13	
GCA_902582345.1	AG_430_G14	II	k__Bacteria (UID2495)	2993	139	83	26	113	0	0	0	0	1.1020808922938259	1102080.892293826	0.88760000000000006	88.76	0	0	0.3	0.02	978207	0.96	1052	27	
GCA_003209895.1	AG_430_I06	II	k__Bacteria (UID2495)	2993	139	83	17	122	0	0	0	0	1.0761259164436168	1076125.9164436169	0.85930000000000006	85.93	0	0	0.3	0.02	924715	0.96	986	27	
GCA_902582875.1	AG_430_K10	II	k__Bacteria (UID2495)	2993	139	83	35	104	0	0	0	0	1.1254642857142856	1125464.2857142857	0.81200000000000006	81.2	0	0	0.28999999999999998	0.02	913877	0.96	993	35	
GCA_902587295.1	AG_435_M21	II	k__Bacteria (UID2495)	2993	139	83	50	89	0	0	0	0	1.0570053343257659	1057005.334325766	0.80610000000000004	80.61	0	0	0.3	0.02	852052	0.96	925	39	
GCA_902591415.1	AG_439_N16	II	k__Bacteria (UID2495)	2993	139	83	19	120	0	0	0	0	1.0918296643810899	1091829.6643810899	0.83129999999999993	83.13	0	0	0.3	0.02	907638	0.96	1024	44	
GCA_902591045.1	AG_439_O05	II	k__Bacteria (UID2495)	2993	139	83	36	103	0	0	0	0	1.11324280596325	1113242.8059632499	0.86529999999999996	86.53	0	0	0.3	0.03	963289	0.96	1023	28	
GCA_902596205.1	AG_447_P19	II	k__Bacteria (UID2495)	2993	139	83	18	121	0	0	0	0	1.2184627712031559	1218462.7712031559	0.81120000000000003	81.12	0	0	0.3	0.02	988417	0.97	1072	20	
GCA_902598125.1	AG_453_G04	II	k__Bacteria (UID2495)	2993	139	83	24	115	0	0	0	0	1.1627994984611876	1162799.4984611876	0.87730000000000008	87.73	0	0	0.3	0.02	1020124	0.97	1080	10	
GCA_902604695.1	AG_461_B21	II	k__Bacteria (UID2495)	2993	139	83	18	121	0	0	0	0	1.0099331020812685	1009933.1020812686	0.80720000000000003	80.72	0	0	0.28999999999999998	0.01	815218	0.96	891	21	
GCA_902605035.1	AG_461_E04	II	k__Bacteria (UID2495)	2993	139	83	3	136	0	0	0	0	1.0435781720095445	1043578.1720095446	0.96389999999999998	96.39	0	0	0.3	0.02	1005905	0.96	1074	30	
GCA_902615435.1	AG_891_O15	II	k__Bacteria (UID2495)	2993	139	83	9	130	0	0	0	0	1.134988533362455	1134988.533362455	0.91569999999999996	91.57	0	0	0.3	0.03	1039309	0.97	1119	24	
GCA_902523185.1	AG_895_E15	II	k__Bacteria (UID2495)	2993	139	83	12	127	0	0	0	0	1.1112103746397692	1111210.3746397693	0.86750000000000005	86.75	0	0	0.3	0.02	963975	0.96	1036	37	
GCA_902552345.1	AG_903_M21	II	k__Bacteria (UID2495)	2993	139	83	20	119	0	0	0	0	1.1401028453890982	1140102.8453890982	0.8751000000000001	87.51	0	0	0.3	0.01	997704	0.97	1065	20	
GCA_902557775.1	AG_905_B19	II	k__Bacteria (UID2495)	2993	139	83	11	128	0	0	0	0	1.0888607163160886	1088860.7163160886	0.87950000000000006	87.95	0	0	0.3	0.02	957653	0.97	1048	23	
GCA_902572605.1	AG_909_N22	II	k__Bacteria (UID2495)	2993	139	83	15	124	0	0	0	0	1.0479170028818443	1047917.0028818443	0.86750000000000005	86.75	0	0	0.28999999999999998	0.05	909068	0.96	991	13	
GCA_902575095.1	AG_910_G11	II	k__Bacteria (UID2495)	2993	139	83	17	122	0	0	0	0	1.1029776529776529	1102977.6529776528	0.85470000000000002	85.47	0	0	0.3	0.02	942715	0.96	1018	34	
GCA_902578315.1	AG_911_E05	II	k__Bacteria (UID2495)	2993	139	83	31	108	0	0	0	0	1.1297416234072675	1129741.6234072675	0.84760000000000002	84.76	0	0	0.3	0.02	957569	0.96	1037	26	
GCA_902579115.1	AG_911_G13	II	k__Bacteria (UID2495)	2993	139	83	4	135	0	0	0	0	1.0425046884767659	1042504.688476766	0.95979999999999999	95.98	0	0	0.3	0.02	1000596	0.96	1100	23	
GCA_902582155.1	AG_912_D10	II	k__Bacteria (UID2495)	2993	139	83	9	130	0	0	0	0	1.0889237967914438	1088923.7967914438	0.89760000000000006	89.76	0	0	0.3	0.02	977418	0.97	1049	17	
GCA_902582165.1	AG_912_D17	II	k__Bacteria (UID2495)	2993	139	83	15	124	0	0	0	0	1.1080438820524725	1108043.8820524726	0.86140000000000005	86.14	0	0	0.3	0.02	954469	0.96	1052	33	
GCA_902583585.1	AG_912_J06	II	k__Bacteria (UID2495)	2993	139	83	14	125	0	0	0	0	1.0378080342072689	1037808.034207269	0.88870000000000005	88.87	0	0	0.3	0.02	922300	0.97	979	25	
GCA_902585045.1	AG_912_P19	II	k__Bacteria (UID2495)	2993	139	83	6	133	0	0	0	0	0.99043440767489488	990434.4076748949	0.92769999999999997	92.77	0	0	0.3	0.03	918826	0.97	987	29	
GCA_902587515.1	AG_913_I14	II	k__Bacteria (UID2495)	2993	139	83	3	136	0	0	0	0	1.0795587173935457	1079558.7173935457	0.96989999999999998	96.99	0	0	0.3	0.02	1047064	0.96	1124	18	
GCA_902590505.1	AG_914_J05	II	k__Bacteria (UID2495)	2993	139	83	6	133	0	0	0	0	1.1072398382634603	1107239.8382634602	0.93980000000000008	93.98	0	0	0.3	0.02	1040584	0.97	1094	17	
GCA_902596745.1	AG_916_D16	II	k__Bacteria (UID2495)	2993	139	83	16	123	0	0	0	0	1.2550866838804868	1255086.6838804868	0.81330000000000002	81.33	0	0	0.3	0.02	1020762	0.96	1117	29	
GCA_902597175.1	AG_916_E17	II	k__Bacteria (UID2495)	2993	139	83	17	122	0	0	0	0	1.1661151586368979	1166115.1586368978	0.85099999999999998	85.1	0	0	0.3	0.03	992364	0.96	1073	19	
GCA_902597875.1	AG_916_G03	II	k__Bacteria (UID2495)	2993	139	83	17	122	0	0	0	0	1.1574975222993062	1157497.5222993062	0.80720000000000003	80.72	0	0	0.28999999999999998	0.02	934332	0.97	986	23	
GCA_902598315.1	AG_916_K14	II	k__Bacteria (UID2495)	2993	139	83	32	107	0	0	0	0	1.1602606869285892	1160260.6869285891	0.80940000000000001	80.94	0	0	0.3	0.03	939115	0.96	1021	18	
GCA_902598735.1	AG_916_L09	II	k__Bacteria (UID2495)	2993	139	83	15	124	0	0	0	0	1.0111790790221717	1011179.0790221717	0.87950000000000006	87.95	0	0	0.3	0.04	889332	0.96	969	20	
GCA_902599495.1	AG_916_O06	II	k__Bacteria (UID2495)	2993	139	83	17	122	0	0	0	0	1.1168827047479555	1116882.7047479555	0.81930000000000003	81.93	0	0	0.28999999999999998	0.03	915062	0.96	1000	27	
GCA_902599805.1	AG_916_O22	II	k__Bacteria (UID2495)	2993	139	83	18	121	0	0	0	0	1.1198109243697478	1119810.9243697478	0.80920000000000003	80.92	0	0	0.3	0.01	906151	0.96	981	31	
GCA_902601705.1	AG_917_F18	II	k__Bacteria (UID2495)	2993	139	83	2	137	0	0	0	0	1.1059831949994876	1105983.1949994876	0.97589999999999999	97.59	0	0	0.3	0.03	1079329	0.97	1175	15	
GCA_902609855.1	AG_917_K20	II	k__Bacteria (UID2495)	2993	139	83	9	130	0	0	0	0	1.1367850818946437	1136785.0818946436	0.90359999999999996	90.36	0	0	0.3	0.02	1027199	0.97	1088	11	
GCA_902610515.1	AG_917_N08	II	k__Bacteria (UID2495)	2993	139	83	51	88	0	0	0	0	1.1482661975248727	1148266.1975248726	0.82420000000000004	82.42	0	0	0.3	0.02	946401	0.97	1005	21	
GCA_902633335.1	AG_918_B08	II	k__Bacteria (UID2495)	2993	139	83	25	114	0	0	0	0	1.1808137364688316	1180813.7364688315	0.80370000000000008	80.37	0	0	0.3	0.02	949020	0.97	1035	21	
GCA_902613545.1	AG_918_M15	II	k__Bacteria (UID2495)	2993	139	83	7	132	0	0	0	0	1.0757827926657264	1075782.7926657265	0.92169999999999996	92.17	0	0	0.3	0.02	991549	0.96	1075	26	
GCA_902613915.1	AG_918_N23	II	k__Bacteria (UID2495)	2993	139	83	3	136	0	0	0	0	1.0373310011318038	1037331.0011318037	0.97189999999999999	97.19	0	0	0.28999999999999998	0.02	1008182	0.96	1085	21	
GCA_902614835.1	AG_919_C22	II	k__Bacteria (UID2495)	2993	139	83	16	123	0	0	0	0	0.99658579057348495	996585.79057348496	0.86140000000000005	86.14	0	0	0.3	0.03	858459	0.96	941	38	
GCA_902615715.1	AG_919_F21	II	k__Bacteria (UID2495)	2993	139	83	7	132	0	0	0	0	1.1416050447342891	1141605.0447342892	0.92769999999999997	92.77	0	0	0.3	0.02	1059067	0.97	1137	14	
GCA_902616145.1	AG_919_I13	II	k__Bacteria (UID2495)	2993	139	83	5	134	0	0	0	0	1.0903446102122294	1090344.6102122294	0.95180000000000009	95.18	0	0	0.3	0.02	1037790	0.97	1116	15	
GCA_902616675.1	AG_919_K20	II	k__Bacteria (UID2495)	2993	139	83	16	123	0	0	0	0	1.0556020575169511	1055602.0575169511	0.85540000000000005	85.54	0	0	0.3	0.02	902962	0.96	977	15	
GCA_902617025.1	AG_919_M05	II	k__Bacteria (UID2495)	2993	139	83	6	133	0	0	0	0	1.1177137005497466	1117713.7005497466	0.92769999999999997	92.77	0	0	0.3	0.03	1036903	0.97	1110	16	
GCA_902619675.1	AG_920_I07	II	k__Bacteria (UID2495)	2993	139	83	51	88	0	0	0	0	1.1025721513165458	1102572.1513165459	0.86970000000000003	86.97	0	0	0.3	0.02	958907	0.97	1037	36	
GCA_902619835.1	AG_920_I21	II	k__Bacteria (UID2495)	2993	139	83	22	117	0	0	0	0	1.1493037661050545	1149303.7661050544	0.80720000000000003	80.72	0	0	0.3	0.03	927718	0.96	1004	31	
GCA_902620525.1	AG_920_L07	II	k__Bacteria (UID2495)	2993	139	83	2	137	0	0	0	0	1.1145158315401169	1114515.8315401168	0.97589999999999999	97.59	0	0	0.28999999999999998	0.01	1087656	0.97	1159	11	
GCA_902620585.1	AG_920_L18	II	k__Bacteria (UID2495)	2993	139	83	32	107	0	0	0	0	1.0711705908485116	1071170.5908485116	0.90040000000000009	90.04	0	0	0.3	0.02	964482	0.97	1028	27	
GCA_902623395.1	AH_287_C13	II	k__Bacteria (UID2495)	2993	139	83	13	126	0	0	0	0	1.1770452203777906	1177045.2203777905	0.87349999999999994	87.35	0	0	0.3	0.03	1028149	0.97	1113	24	
GCA_902624195.1	AH_287_E19	II	k__Bacteria (UID2495)	2993	139	83	7	132	0	0	0	0	1.0542328273452004	1054232.8273452003	0.91569999999999996	91.57	0	0	0.3	0.02	965361	0.97	1041	37	
GCA_902624495.1	AH_287_I04	II	k__Bacteria (UID2495)	2993	139	83	19	120	0	0	0	0	1.0176672491263106	1017667.2491263105	0.80120000000000002	80.12	0	0	0.3	0.02	815355	0.96	895	48	
GCA_902632445.1	AH_326_M23	II	k__Bacteria (UID2495)	2993	139	83	45	94	0	0	0	0	0.96661189539458459	966611.89539458463	0.86419999999999997	86.42	0	0	0.3	0.03	835346	0.97	884	33	
GCA_008638125.1	CP_27	II	k__Bacteria (UID2495)	2993	139	83	8	130	1	0	0	0	1.0908114011139021	1090811.401113902	0.91569999999999996	91.57	1.2	0	0.3	0.02	998856	0.96	1101	82	
GCA_000419545.1	HIMB058	II	k__Bacteria (UID2495)	2993	139	83	1	138	0	0	0	0	1.128592105263158	1128592.105263158	0.98799999999999999	98.8	0	0	0.3	0.06	1115049	0.96	1233	59	
GCA_002457515.1	MED_G40	II	k__Bacteria (UID2495)	2993	139	83	32	107	0	0	0	0	1.015433789954338	1015433.7899543379	0.89790000000000003	89.79	0	0	0.3	0.01	911758	0.97	974	8	
GCA_002704625.1	MED769	II	k__Bacteria (UID2495)	2993	139	83	18	110	7	4	0	0	1.5424801659953618	1542480.1659953617	0.81930000000000003	81.93	4.67	0	0.28999999999999998	0.03	1263754	0.96	1370	48	
GCA_014654415.1	SAG_MED05	II	k__Bacteria (UID2495)	2993	139	83	17	121	1	0	0	0	1.1007335074372659	1100733.5074372659	0.88069999999999993	88.07	0.11	0	0.28999999999999998	0.02	969416	0.96	1071	35	
GCA_014653835.1	SAG_MED28	II	k__Bacteria (UID2495)	2993	139	83	11	128	0	0	0	0	1.14681613832853	1146816.1383285301	0.86750000000000005	86.75	0	0	0.3	0.03	994863	0.96	1107	42	
GCA_014653815.1	SAG_MED29	II	k__Bacteria (UID2495)	2993	139	83	17	120	2	0	0	0	1.1611839375076285	1161183.9375076285	0.81930000000000003	81.93	1.2	0	0.28999999999999998	0.03	951358	0.96	1041	46	
SFB	SFB_3D_13Oct25_05_ms_bin_5_orig	II	k__Bacteria (UID203)	5449	99	53	65	30	4	0	0	0	1.215636042402827	1215636.0424028269	0.50939999999999996	50.94	7.55	0	0.28999999999999998	0.01	619245	0.92	662	32	Removed for contamination
GCA_003209195.1	AG_470_E16	IIIa.1	k__Bacteria (UID2495)	2993	140	84	44	96	0	0	0	0	1.3988232746173834	1398823.2746173835	0.6926000000000001	69.260000000000005	0	0	0.28999999999999998	0.02	968825	0.96	1065	39	
GCA_902524955.1	AG_895_L23	IIIa.1	k__Bacteria (UID2495)	2993	140	84	5	135	0	0	0	0	1.0325401382243489	1032540.1382243488	0.9405	94.05	0	0	0.3	0.03	971104	0.96	1069	21	
GCA_008638005.1	CP_2	IIIa.1	k__Bacteria (UID2495)	2993	140	84	29	110	1	0	0	0	1.1351024011299435	1135102.4011299436	0.84959999999999991	84.96	1.19	100	0.3	0.02	964383	0.96	1150	99	
GCF_000163555.2	HIMB114	IIIa.1	k__Bacteria (UID2495)	2993	140	84	1	139	0	0	0	0	1.2522730492865093	1252273.0492865094	0.98809999999999998	98.81	0	0	0.3	0	1237371	0.96	1323	1	
This study	LSUCC0664	IIIa.1	k__Bacteria (UID2495)	2993	140	84	2	138	0	0	0	0	1.170396	1170396	1	97.62	0	0	0.3	0	1170396	0.96	1256	1	
This study	LSUCC0723	IIIa.1	k__Bacteria (UID2495)	2993	140	84	2	138	0	0	0	0	1.2048479999999999	1204848	1	97.62	0	0	0.28999999999999998	0	1204848	0.96	1309	1	
GCA_002692055.1	MED1116	IIIa.1	k__Bacteria (UID2495)	2993	140	84	12	127	1	0	0	0	1.0022416570771	1002241.6570771	0.86900000000000011	86.9	1.19	100	0.28999999999999998	0.03	870948	0.96	968	21	
GCA_002171085.1	TMED146	IIIa.1	k__Bacteria (UID203)	5449	100	54	57	42	1	0	0	0	1.3186575671216438	1318657.5671216438	0.66670000000000007	66.67	1.85	0	0.31	0.09	879149	0.96	941	13	
GCA_003280495.1	AG_359_E06	IIIa.2	k__Bacteria (UID2495)	2993	140	84	52	88	0	0	0	0	1.161293614673838	1161293.614673838	0.72510000000000008	72.510000000000005	0	0	0.3	0.04	842054	0.96	930	34	
GCA_902517865.1	AG_894_A09	IIIa.2	k__Bacteria (UID2495)	2993	140	84	21	119	0	0	0	0	1.225089728904162	1225089.7289041621	0.78569999999999995	78.569999999999993	0	0	0.28999999999999998	0.02	962553	0.97	1048	16	
GCA_002704185.1	MED817	IIIa.2	k__Bacteria (UID2495)	2993	140	84	45	93	2	0	0	0	1.1329846603360119	1132984.6603360118	0.6845	68.45	2.38	50	0.28000000000000003	0.02	775528	0.97	894	61	
GCA_008638205.1	CP_1	IIIa.3	k__Bacteria (UID2495)	2993	140	84	2	138	0	0	0	0	1.1218851473241129	1121885.1473241129	0.99780000000000002	99.78	0	0	0.32	0.01	1119417	0.96	1201	24	
GCA_008638015.1	CP_15	IIIa.3	k__Bacteria (UID2495)	2993	140	84	7	133	0	0	0	0	1.1477646071540963	1147764.6071540962	0.95330000000000004	95.33	0	0	0.31	0.03	1094164	0.96	1196	67	
GCA_008638225.1	CP_31	IIIa.3	k__Bacteria (UID2495)	2993	140	84	18	122	0	0	0	0	1.0718784704033526	1071878.4704033525	0.95450000000000002	95.45	0	0	0.31	0.02	1023108	0.96	1122	45	
GCA_008638025.1	CP_55	IIIa.3	k__Bacteria (UID2495)	2993	140	84	20	119	1	0	0	0	0.8864446698219518	886444.66982195177	0.88739999999999997	88.74	0.11	100	0.3	0.03	786631	0.97	924	122	
GCF_000195085.1	IMCC9063	IIIa.3	k__Bacteria (UID2495)	2993	140	84	1	139	0	0	0	0	1.3001993725331444	1300199.3725331444	0.98809999999999998	98.81	0	0	0.32	0	1284727	0.95	1424	1	
This study	LSUCC0261	IIIa.3	k__Bacteria (UID2495)	2993	140	84	1	139	0	0	0	0	1.2708900000000001	1270890	1	98.81	0	0	0.3	0	1270890	0.96	1330	1	
GCA_000750175.1	QL1	IIIa.3	k__Bacteria (UID2495)	2993	140	84	43	96	1	0	0	0	1.5206767757382282	1520676.7757382283	0.62649999999999995	62.65	0.11	0	0.31	0.03	952704	0.8	1894	99	
SFB	SFB_3D_13Oct25_20_ms_bin_3_orig	IIIa.3	k__Bacteria (UID2495)	2993	140	84	32	101	7	0	0	0	1.1907036629027814	1190703.6629027815	0.72620000000000007	72.62	5.95	14.29	0.31	0.02	864689	0.96	972	63	
SFB	SFB_9D_13Oct25_20_ms_bin_25_orig	IIIa.3	k__Bacteria (UID2495)	2993	140	84	65	57	18	0	0	0	1.13524627720504	1135246.27720504	0.52380000000000004	52.38	5.67	61.11	0.3	0.01	594642	0.96	658	31	
GCA_009693745.1	Baikal_deep_G36	IIIb	k__Bacteria (UID2495)	2993	139	83	4	129	6	0	0	0	1.0480247951250261	1048024.7951250261	0.95180000000000009	95.18	3.89	100	0.28999999999999998	0.02	997510	0.96	1116	66	
GCF_002688585.1	Candidatus_Fonsibacter_LSUCC0530	IIIb	k__Bacteria (UID2495)	2993	139	83	0	139	0	0	0	0	1.160202	1160202	1	100	0	0	0.28999999999999998	0	1160202	0.96	1231	1	
GCA_000364545.1	SCGCAAA027_C06	IIIb	k__Bacteria (UID2495)	2993	139	83	29	108	2	0	0	0	0.94225786851379267	942257.86851379264	0.82290000000000008	82.29	1.81	100	0.3	0.04	775384	0.95	916	90	
searched	SCGCAAA027_J10	IIIb	k__Bacteria (UID2495)	2993	139	83	44	95	0	0	0	0	1.1399942495687176	1139994.2495687176	0.6956	69.56	0	0	0.3	0.04	792980	0.95	917	82	
searched	SCGCAAA028_C07	IIIb	k__Bacteria (UID2495)	2993	139	83	36	102	1	0	0	0	1.1421559633027523	1142155.9633027522	0.74120000000000008	74.12	0.11	0	0.3	0.02	846566	0.96	957	32	
GCA_000510845.1	SCGCAAA028_D10	IIIb	k__Bacteria (UID2495)	2993	139	83	36	102	1	0	0	0	1.1331957373836354	1133195.7373836355	0.81640000000000001	81.64	7.0000000000000007E-2	0	0.3	0.03	925141	0.95	1057	57	
NA	SCGCAAA280_B11	IIIb	k__Bacteria (UID2495)	2993	139	83	82	57	0	0	0	0	1.3158665105386418	1315866.5105386418	0.51239999999999997	51.24	0	0	0.3	0.03	674250	0.95	797	47	
NA	SCGCAAA280_P20	IIIb	k__Bacteria (UID2495)	2993	139	83	35	104	0	0	0	0	1.1074746387949583	1107474.6387949584	0.65060000000000007	65.06	0	0	0.3	0.04	720523	0.95	814	65	
NA	SCGCAAA487_M09	IIIb	k__Bacteria (UID2495)	2993	139	83	57	76	6	0	0	0	1.1803668861712135	1180366.8861712136	0.53149999999999997	53.15	3.72	100	0.28999999999999998	0.03	627365	0.96	776	97	
GCA_010021145.1	WB8_6_001	IIIb	k__Bacteria (UID2495)	2993	139	83	17	120	2	0	0	0	1.3279650805360874	1327965.0805360875	0.81330000000000002	81.33	0.31	0	0.36	0.12	1080034	0.92	1375	225	
GCA_903869725.1	AM1_bin_0028	IIIb	k__Bacteria (UID2495)	2993	139	83	0	139	0	0	0	0	1.083437	1083437	1	100	0	0	0.28999999999999998	0.03	1083437	0.95	1166	55	
GCF_000299115.1	HIMB59	V	k__Bacteria (UID2495)	2993	139	83	4	135	0	0	0	0	1.4722562121528504	1472256.2121528503	0.95779999999999998	95.78	0	0	0.32	0	1410127	0.96	1493	1	
